video_publish_date,video_title,comment_text,sentiment_score
2026-01-11,"다 버리고, 딱 이것만 챙기세요. 20대에 알면 인생이 바뀝니다. (재테크 · 자기계발 · 휴식)","우리 20대 뿅아리 칭구들 ! 오늘 영상 보고  더 궁금한 거 있으면 댓글 남겨주세요 :) 아는 선에서 최대한 답변해드릴게요 💓   💙 스픽 새해 프로모션 (~1/12까지) 🔗 https://bit.ly/44PN1br  프로모션은 종료되었지만, 올해는 영어가 트이고 싶은 분들을 위해 스픽에서 또 한번 특별한 혜택을 준비해주셨으니 링크를 확인해보세요!  𝗧𝗜...",0.0
2026-01-11,"다 버리고, 딱 이것만 챙기세요. 20대에 알면 인생이 바뀝니다. (재테크 · 자기계발 · 휴식)",이미 20대 다 지나간 1인..,0.0
2026-01-11,"다 버리고, 딱 이것만 챙기세요. 20대에 알면 인생이 바뀝니다. (재테크 · 자기계발 · 휴식)",인생 살면서 가족들 아무 이슈없이 평범하게 사는거 자체가 큰 축복입니다.,0.0
2026-01-11,"다 버리고, 딱 이것만 챙기세요. 20대에 알면 인생이 바뀝니다. (재테크 · 자기계발 · 휴식)",2000년생친구들 퐛팅이다  힘내자!!!,0.0
2026-01-11,"다 버리고, 딱 이것만 챙기세요. 20대에 알면 인생이 바뀝니다. (재테크 · 자기계발 · 휴식)","20대에 이걸 보는 20대가 너무 부럽다..  32살때부터 재테크에 눈을뜨면서 지금도 많이 여유로워졌지만  항상 느끼는거는 재테크를 5년만 더빨리했으면 지금 내인생이 어떻게 바뀌엇을까 하는생각 진짜 많이하는데 ㅋㅋㅋ  재테크는 오늘, 지금이 가장 빠른시기입니다 ..",0.0
2026-01-11,"다 버리고, 딱 이것만 챙기세요. 20대에 알면 인생이 바뀝니다. (재테크 · 자기계발 · 휴식)",나는 왜 사서 고생하나 맨날 울고 깨지고 이게뭐지 싶었는데 사서 고생하고있다는 생각이 들면 잘살고있다는 말이 큰 위로가 되네요,0.0
2026-01-11,"다 버리고, 딱 이것만 챙기세요. 20대에 알면 인생이 바뀝니다. (재테크 · 자기계발 · 휴식)",젊어서 경험은 금보다 가치가 높아요 해외여행 많이 다니셔요! 맛나는것도 많이 드시구요  나이먹으면 하나도 가치없고 재미없습니다,0.0
2026-01-11,"다 버리고, 딱 이것만 챙기세요. 20대에 알면 인생이 바뀝니다. (재테크 · 자기계발 · 휴식)","서른부터 준비해도 늦지 않은 건 맞긴 하지만, 삼십대는 씨앗을 뿌려야 되는 시기라고 봄 그러기 위해서는 이십대 중후반에 어느정도 씨앗을 만들어 놓아야 함 (목돈, 지식, 습관 등등) 그래야 서른 초반에 씨앗을 뿌려보고, 결과가 안 좋으면 다시 뿌릴 수 있음 만약 서른부터 씨앗 준비하면 실수를 만회할 수 있는 시간이 많지 않아, 사오십대 되어서 몸이 고생할 ...",0.0
2026-01-11,"다 버리고, 딱 이것만 챙기세요. 20대에 알면 인생이 바뀝니다. (재테크 · 자기계발 · 휴식)",사람 많이 만나보고 많은 경험 하면서 내가 어떤 사람인지 알아가는 게 20대인 거 같아요,0.0
2026-01-11,"다 버리고, 딱 이것만 챙기세요. 20대에 알면 인생이 바뀝니다. (재테크 · 자기계발 · 휴식)","며칠전 21살이 된 나이만 어른인 고삐리 입니다. 20살때 다니던 일자리를 그만두고 6개월 가량을 백수로 살아왔습니다. 고등학생때 공부도 하지 않았고, 이렇다 할 자산이나 경험이  없었던 제게 돈과 시간이 생겨버려 청춘을 명분으로 인생을 낭비하고 있었습니다.  여기 환멸감을 느껴 뭔가를 미래를 위해 쌓아보고는 싶지만 방법을 몰랐던 제게 이 영상이 눈에 들어...",0.0
2026-01-11,"다 버리고, 딱 이것만 챙기세요. 20대에 알면 인생이 바뀝니다. (재테크 · 자기계발 · 휴식)","다좋지만 건강우선,가족먼저예요.. 건강하지 않으면 다 부질없어뇨 모두 무리하지말고 비교하지말고 작은것에도 감사해하면 소소한 행복 챙굣음 좋겟어요 이미 충분히 건강한 마인드에 잘하고 계십니다",0.3333333333333333
2026-01-11,"다 버리고, 딱 이것만 챙기세요. 20대에 알면 인생이 바뀝니다. (재테크 · 자기계발 · 휴식)",그냥저냥 편한길을 택하며 살았던 30대 중반입니다... 영상내용 뼈저리게 공감합니다... 40대때는 달라져야지 하고  다시 힘내보겠습니다 감사합니다,0.0
2026-01-11,"다 버리고, 딱 이것만 챙기세요. 20대에 알면 인생이 바뀝니다. (재테크 · 자기계발 · 휴식)",30대지만 뼈맞고 갑니다..😅 20대에 이미 뿅글님 구독자라는 것만으로도 절반은 성공한듯!,0.3333333333333333
2026-01-11,"다 버리고, 딱 이것만 챙기세요. 20대에 알면 인생이 바뀝니다. (재테크 · 자기계발 · 휴식)",시간활용하는거 너무 중요하고 여행도 필수죠!! 그리고 요즘시대에 영어공부 너무 중요한데 틈틈이 운동했으면 좋겠어요!!! 뭐라도 해야하나 싶을때 가벼운 운동부터시작하면 이것 저것 정리가 되면서 해야할일을 잘 찾아가는거 같아요!!,0.0
2026-01-11,"다 버리고, 딱 이것만 챙기세요. 20대에 알면 인생이 바뀝니다. (재테크 · 자기계발 · 휴식)",맨날 잘 챙겨보고 있는 28살입니다. 돌이켜보면서 가장 잘했다고 생각한 건 일단 저지르기! '이것도 해야 하고 저것도 해야 하는데 몸이 따라줄까?'라고 계산하는 시간에 일단 다 저질러버린 게 도움이 많이 된 것 같네요. 내일의 제가 그 일을 하나씩 어떻게든 하고 있고 그게 성장을 도와준 것 같네요. 앞으로도 많이 저지르면서 사서 고생하겠습니다. 여러분도 사...,0.0
2026-01-11,"다 버리고, 딱 이것만 챙기세요. 20대에 알면 인생이 바뀝니다. (재테크 · 자기계발 · 휴식)",2026 올해 갓 20살이 되었습니다! 이 영상을 20대의 시작에 보게 된 게 너무 감사한 것 같아요! 작은 것이라도 지금부터라도 하나하나씩 해내가야 겠네요! 감사합니다 ☺️🫶,0.0
2026-01-11,"다 버리고, 딱 이것만 챙기세요. 20대에 알면 인생이 바뀝니다. (재테크 · 자기계발 · 휴식)",이제 이 영상을 접하는 갓 20대에  들어선 친구들과 아직 20대의  시간이 남아있는 친구들이 부럽네요 다들 미래가 창창하실듯 - 지나가는 30대 중반의 구독자..,0.0
2026-01-11,"다 버리고, 딱 이것만 챙기세요. 20대에 알면 인생이 바뀝니다. (재테크 · 자기계발 · 휴식)","""돈은 좋지만 재테크는 겁나는 너에게"" 조금 늦었지만 이 책 사볼께요",0.0
2026-01-11,"다 버리고, 딱 이것만 챙기세요. 20대에 알면 인생이 바뀝니다. (재테크 · 자기계발 · 휴식)",올해로 24살된 대학생입니다. 저는 남들보다 대학을 늦게 가서 늦었다 생각해요. 제 친구들은 20살때 대학교가서 이제 취업 준비하는데 저는 이제야 대학교를 들어가게 되었거든요.그래서 항상 뒤처진 느낌이 항상 없지않아 있었는데 이 영상을 보니 아직 늦지 않았구나 깨달았어요. 저도 재테크 열심히 공부해서 30살때는 떳떳한 직장 주하고 건물도 살 수 있는 사람이...,0.0
2026-01-11,"다 버리고, 딱 이것만 챙기세요. 20대에 알면 인생이 바뀝니다. (재테크 · 자기계발 · 휴식)","99년생입니다ㅠ 아직도 중등임용 준비 중인데 올해는 결과 꼭 만들고 싶네요….영상 초반 이야기 듣고 머리가 띵하더라구요,,,,",0.0
2026-01-11,"다 버리고, 딱 이것만 챙기세요. 20대에 알면 인생이 바뀝니다. (재테크 · 자기계발 · 휴식)","일단 하고싶다,해볼까? 라는 마음이들면 도전하고 보는게 엄청 중요한 자세인것같아요.. 저두 무서운게 참 많은 사람이었는데 22살되고 영어실력을 너무너무올리고싶어서 무작정 혼자 호주와서 영어랑 부딪히고 있는데요 세상이 달라진단 말이 뭔지 너무알겠어요 정말 다양한사람을 만나고 다양한 얘기를 들어서 시야가 넓어지는게 저절로 느껴지고,, 작년부터 재테크도 관심갖고...",0.0
2026-01-11,"다 버리고, 딱 이것만 챙기세요. 20대에 알면 인생이 바뀝니다. (재테크 · 자기계발 · 휴식)",감사해요 .. 영상 잘 봤어요 !!! 🫶 이 댓글을 발견하신 천사분은 제가 상기할 수 있게 좋아요 한번씩만 부탁드립니다 히히,0.0
2026-01-11,"다 버리고, 딱 이것만 챙기세요. 20대에 알면 인생이 바뀝니다. (재테크 · 자기계발 · 휴식)",17:08 진짜 명언이에요🥹,0.0
2026-01-11,"다 버리고, 딱 이것만 챙기세요. 20대에 알면 인생이 바뀝니다. (재테크 · 자기계발 · 휴식)","정말 29살,30살 되니까 딱 나뉘더라구요. 좋은 대학 갔다고 그냥저냥 사니까 지금까지 취업 못하거나 중견가는 친구, 지방대 갔지만 그 속에서 다양한 스펙 쌓아서 대기업 간 친구.  그래서 20대 초반엔 힘들어도 열심히 살아두면 보상 받는거 같아요😊",0.0
2026-01-11,"다 버리고, 딱 이것만 챙기세요. 20대에 알면 인생이 바뀝니다. (재테크 · 자기계발 · 휴식)",무언가를 해야지만 결과값이 나에게 옵니다. 안하면 아무것도 없긴해요..ㅠ,0.0
2026-01-11,"다 버리고, 딱 이것만 챙기세요. 20대에 알면 인생이 바뀝니다. (재테크 · 자기계발 · 휴식)","고전적인 아름다움, 현대적인 감각",0.0
2026-01-11,"다 버리고, 딱 이것만 챙기세요. 20대에 알면 인생이 바뀝니다. (재테크 · 자기계발 · 휴식)",20대에 집도사고 나름 좋은회사도 다니지만 연휴에 당근알바다녀왔어요 일하면서 나중에 이때를 생각하면 대견할거라는 생각을 했습니다,0.0
2026-01-11,"다 버리고, 딱 이것만 챙기세요. 20대에 알면 인생이 바뀝니다. (재테크 · 자기계발 · 휴식)",어케 이리 야무지신가요ㅡㅜㅜ,0.0
2026-01-11,"다 버리고, 딱 이것만 챙기세요. 20대에 알면 인생이 바뀝니다. (재테크 · 자기계발 · 휴식)",뿅글님같은 여자친구만 있으면 소원이 없겠어요,0.0
2026-01-11,"다 버리고, 딱 이것만 챙기세요. 20대에 알면 인생이 바뀝니다. (재테크 · 자기계발 · 휴식)","뿅글이님이 나보다 한 살 동생이었다니,,, 어린 나이에 대단합니다👍🏽",0.0
2026-01-11,"다 버리고, 딱 이것만 챙기세요. 20대에 알면 인생이 바뀝니다. (재테크 · 자기계발 · 휴식)",눈에 보석이 있으시다 점점더 이뻐지시는 뿅글님,0.0
2026-01-11,"다 버리고, 딱 이것만 챙기세요. 20대에 알면 인생이 바뀝니다. (재테크 · 자기계발 · 휴식)",뿅글님의 얘기에 점점 부동산 비중이 높아지네요...ㅋㅋ,0.0
2026-01-11,"다 버리고, 딱 이것만 챙기세요. 20대에 알면 인생이 바뀝니다. (재테크 · 자기계발 · 휴식)",30대인데도 영상보고 배울점이 정말 많네요! 특히나 첫번째로 말씀해주신 시키는 일만 하지말고 내 스스로 일을 찾아서 해야된다고 하신 부분은 정말 공감됐습니다... 앞으로 회사 생활 열심히 해보겠습니다!,0.0
2026-01-11,"다 버리고, 딱 이것만 챙기세요. 20대에 알면 인생이 바뀝니다. (재테크 · 자기계발 · 휴식)",영상 보다니까 유용한거 같아서 구독 받고 갑니다 ㅎㅎ😊😊,0.0
2026-01-11,"다 버리고, 딱 이것만 챙기세요. 20대에 알면 인생이 바뀝니다. (재테크 · 자기계발 · 휴식)",제 알고리즘에 나타나주셔서 감사합니다😊,0.0
2026-01-11,"다 버리고, 딱 이것만 챙기세요. 20대에 알면 인생이 바뀝니다. (재테크 · 자기계발 · 휴식)",재테크 관련 책 추천 자주 해주시면 감사할 것 같아요! 매일 책을 읽으니까 너무 빨리 읽게 돼버려서 점점 무슨 책을 읽어야 할지 모르겠어요 ㅠㅠ 그리고 대학생 때 뿅글님 책으로 재테크 책 입문 했는데 정말 좋았어요!!! 감사합니다😀,0.3333333333333333
2026-01-11,"다 버리고, 딱 이것만 챙기세요. 20대에 알면 인생이 바뀝니다. (재테크 · 자기계발 · 휴식)","전 20대는 아니지만, 도움되는 영상이라고 생각합니다~ 갠적으로 시간관리 팁이 인상적이었어요~ 좋은영상 감사해요😄",0.0
2026-01-11,"다 버리고, 딱 이것만 챙기세요. 20대에 알면 인생이 바뀝니다. (재테크 · 자기계발 · 휴식)",진짜 갓생 사시네...,0.0
2026-01-11,"다 버리고, 딱 이것만 챙기세요. 20대에 알면 인생이 바뀝니다. (재테크 · 자기계발 · 휴식)",ㅠㅠㅠ 벌써 26살 ㅠㅠ너무 빨리 흘러가요 😢,0.0
2026-01-11,"다 버리고, 딱 이것만 챙기세요. 20대에 알면 인생이 바뀝니다. (재테크 · 자기계발 · 휴식)",20대지낫네요ㅠ,0.0
2026-01-11,"다 버리고, 딱 이것만 챙기세요. 20대에 알면 인생이 바뀝니다. (재테크 · 자기계발 · 휴식)",팀04화이팅❤❤❤❤❤,0.0
2026-01-11,"다 버리고, 딱 이것만 챙기세요. 20대에 알면 인생이 바뀝니다. (재테크 · 자기계발 · 휴식)",내가 20대때 이영상을 봤었으면.. 😂 좋은 말들 잔뜩이군요ᰔ,0.0
2026-01-11,"다 버리고, 딱 이것만 챙기세요. 20대에 알면 인생이 바뀝니다. (재테크 · 자기계발 · 휴식)",도움이 되는 영상입니다❤❤❤,0.0
2026-01-11,"다 버리고, 딱 이것만 챙기세요. 20대에 알면 인생이 바뀝니다. (재테크 · 자기계발 · 휴식)",20대 마지막에 이걸 보고 있네요ㅠㅠ 일찍 알았으면 좋았을걸..,0.0
2026-01-11,"다 버리고, 딱 이것만 챙기세요. 20대에 알면 인생이 바뀝니다. (재테크 · 자기계발 · 휴식)",뿅글님 신년 알뜰요금제 추천 영상 제작해주세요!!!!!,0.3333333333333333
2026-01-11,"다 버리고, 딱 이것만 챙기세요. 20대에 알면 인생이 바뀝니다. (재테크 · 자기계발 · 휴식)",뿅글님! 어제 스픽 프리미엄으로 가입했는데 pdf는 플러스만 주시는 건가요?🥹,0.0
2026-01-11,"다 버리고, 딱 이것만 챙기세요. 20대에 알면 인생이 바뀝니다. (재테크 · 자기계발 · 휴식)",왤케 이쁘신가요 짜증나게 영상 집중이 안됩니다,-0.3333333333333333
2026-01-11,"다 버리고, 딱 이것만 챙기세요. 20대에 알면 인생이 바뀝니다. (재테크 · 자기계발 · 휴식)",시도하는게 중요합니다. 감사합니다,0.0
2026-01-11,"다 버리고, 딱 이것만 챙기세요. 20대에 알면 인생이 바뀝니다. (재테크 · 자기계발 · 휴식)",다 맞는말🙂‍↕️ 그치만 다 스스로 깨달아야하는거같아요ㅠ 전 늦게 깨달아서 벌써 서른이지만 지금부터라도 다시 화이팅하려구요💪🏻,0.0
2026-01-11,"다 버리고, 딱 이것만 챙기세요. 20대에 알면 인생이 바뀝니다. (재테크 · 자기계발 · 휴식)",❤감사합니당,0.0
2025-12-30,"(1시간 모아보기) ""S&P500 이만큼 사두세요"" 20대부터 60대까지 꼭 알아야하는 재테크 투자법","여러분!! 요 영상은 그동안 올렸던 영상을 합쳐둔 '모아보기 영상'이에용! ㅠㅠㅠㅠ (했던 얘기 또 하는 게 아닙니다 ㅠㅠㅠㅠ) *추석이나 연휴에 종종 올라오는 그런 모아보기, 연속재생 그런 스타일의 영상인 점 참고 부탁드려요🥹 (보셨던 분들에게는 복습용 영상! 안 보셨던 분들은 모아보기용 영상! ㅎㅎ)  2026년에는 더더더 알찬 영상 만들어볼게요! 우리...",0.0
2025-12-30,"(1시간 모아보기) ""S&P500 이만큼 사두세요"" 20대부터 60대까지 꼭 알아야하는 재테크 투자법",저는 총정리돼있어서 좋아요!!!,0.0
2025-12-30,"(1시간 모아보기) ""S&P500 이만큼 사두세요"" 20대부터 60대까지 꼭 알아야하는 재테크 투자법","댓글 반응이 너무 안 좋아서 놀랐네... 다른 채널도 이런 영상 모음, 1시간 모아보기 같은 거 많이 하잖아ㅋㅋㅋㅋ",0.0
2025-12-30,"(1시간 모아보기) ""S&P500 이만큼 사두세요"" 20대부터 60대까지 꼭 알아야하는 재테크 투자법",전 오히려 암것도 모르기때문에 이런 모아보기영상 좋아요🎉,0.0
2025-12-30,"(1시간 모아보기) ""S&P500 이만큼 사두세요"" 20대부터 60대까지 꼭 알아야하는 재테크 투자법","부끄럽지만 주식, ETF, S&P500 을 아예 몰랐는데.. 이렇게 모아보기 영상으로 올려주신 덕분에 이제라도 보고 알게 되어서 조금씩 해보려구요!! 내용 알차게 만들어주셔서 감사합니다!",0.0
2025-12-30,"(1시간 모아보기) ""S&P500 이만큼 사두세요"" 20대부터 60대까지 꼭 알아야하는 재테크 투자법",좋아요를 안누를수 없는 영상이다… 감사합니다,0.0
2025-12-30,"(1시간 모아보기) ""S&P500 이만큼 사두세요"" 20대부터 60대까지 꼭 알아야하는 재테크 투자법",복습해야하는데 모아보기 올려주셔서 좋아요!! 똑같은 내용 계속 올려주셔도 너무 좋습니다 감사해요!!,0.0
2025-12-30,"(1시간 모아보기) ""S&P500 이만큼 사두세요"" 20대부터 60대까지 꼭 알아야하는 재테크 투자법",etf 피자 비유 미쳤다..! 그리고 그 어느때보다 신나보임,0.0
2025-12-30,"(1시간 모아보기) ""S&P500 이만큼 사두세요"" 20대부터 60대까지 꼭 알아야하는 재테크 투자법",12:53 슨피는 10년 20년 30년 투자할때 빛을 발한다,0.0
2025-12-30,"(1시간 모아보기) ""S&P500 이만큼 사두세요"" 20대부터 60대까지 꼭 알아야하는 재테크 투자법",ISA계좌3년뒤해지하고다시가입해야하잖아요그럼etf도매도후다시매수해야하는데5년10년장기적으로모을려면ISA계좌이용하면어떻게해야하나요?,0.0
2025-12-30,"(1시간 모아보기) ""S&P500 이만큼 사두세요"" 20대부터 60대까지 꼭 알아야하는 재테크 투자법","걍 적금은 청년도약계좌,내년에 출시되는 미래적금 말고는 예적금은 의미없는거같고 나머지는 s&p500에넣는게 맞는거같다",0.0
2025-12-30,"(1시간 모아보기) ""S&P500 이만큼 사두세요"" 20대부터 60대까지 꼭 알아야하는 재테크 투자법",오늘부터 시작했어요! 매달 30만원씩 도전!!💪,0.0
2025-12-30,"(1시간 모아보기) ""S&P500 이만큼 사두세요"" 20대부터 60대까지 꼭 알아야하는 재테크 투자법","엇 오히려 짠부님이 s&p 500 관련 영상 많이 만들어주셨는데 어떤게 먼저인지, 못본건 없는지 헷갈렸는데 오히려 이렇게 한번에 볼 수 있는 영상 있어서 쭉 틀어놓고 복습+빠진 영상 보기 하고 있어서 너무 좋은걸요!!! 모아보기 영상 만들어주셔서 감사합니다❤❤",0.0
2025-12-30,"(1시간 모아보기) ""S&P500 이만큼 사두세요"" 20대부터 60대까지 꼭 알아야하는 재테크 투자법",안그래도 일하면서 isa 랑 s&p 에 대해서 배워보고 싶어서 퇴근하면 유튜브좀 찾아보려했는데 이렇게 합본 영상이 나와있군요 너무 좋습니다 잘 보겠습니다!,0.0
2025-12-30,"(1시간 모아보기) ""S&P500 이만큼 사두세요"" 20대부터 60대까지 꼭 알아야하는 재테크 투자법",저도 시작했어요~~~^^,0.0
2025-12-30,"(1시간 모아보기) ""S&P500 이만큼 사두세요"" 20대부터 60대까지 꼭 알아야하는 재테크 투자법",젊은분이 참 야무지고 똑소리나네요 그동안 기본개념이 안 잡혔는데 설명들으니 감이 잡힙니다 이런 모아보기 영상이라 더 좋아요 듣고듣고하니 이해도 더 잘되구~~ 영상 올려주셔서 감사합니다,0.0
2025-12-30,"(1시간 모아보기) ""S&P500 이만큼 사두세요"" 20대부터 60대까지 꼭 알아야하는 재테크 투자법",진짜....아무것도 모르고 어렵게만 생각했는데 너무 감사합니다!!!🥹🙏🏻2026년 바아로 가보는거야!!!!!✨,-0.3333333333333333
2025-12-30,"(1시간 모아보기) ""S&P500 이만큼 사두세요"" 20대부터 60대까지 꼭 알아야하는 재테크 투자법",월배당 etf 추천해주세요🥹🥹,0.3333333333333333
2025-12-30,"(1시간 모아보기) ""S&P500 이만큼 사두세요"" 20대부터 60대까지 꼭 알아야하는 재테크 투자법",너무 좋은영상 영상순서도 헷갈리는데 너무 좋아요,0.0
2025-12-30,"(1시간 모아보기) ""S&P500 이만큼 사두세요"" 20대부터 60대까지 꼭 알아야하는 재테크 투자법",총정리편이라 초보자에게는 매우 큰 도움이됩니다. 자녀에게도 공유했어요. 감사합니다~~,0.0
2025-12-30,"(1시간 모아보기) ""S&P500 이만큼 사두세요"" 20대부터 60대까지 꼭 알아야하는 재테크 투자법",월배당ETF 영상만들어주세요~ 짠부님 영상이 귀에쏙쏙들어오네요.,0.0
2025-12-30,"(1시간 모아보기) ""S&P500 이만큼 사두세요"" 20대부터 60대까지 꼭 알아야하는 재테크 투자법",어쩜 이렇게 이쁘게 말을 할까요❤,0.0
2025-12-30,"(1시간 모아보기) ""S&P500 이만큼 사두세요"" 20대부터 60대까지 꼭 알아야하는 재테크 투자법","봐도봐도 유익한 짠부님 영상....❤ 주식이란거 아예 다른세상 이야기라고 생각했던 제가 짠부님 덕에 올해 ISA계좌도 개설하고 나스닥100, 에센피500 등등 조금씩 사면서 제 시야를 넓혀가고있어요!!!! 너무너무 감사합니당 ㅎㅎ 저두 짠부님처럼 리치 그랜마가 되는 그날을 기대하묜서.... 열씨미 적립식 투자 계속 해볼거에요 ㅎㅎㅎ",0.3333333333333333
2025-12-30,"(1시간 모아보기) ""S&P500 이만큼 사두세요"" 20대부터 60대까지 꼭 알아야하는 재테크 투자법",영상보고 3백 샀는데 마이너스로. 시작하지만 믿고 장투해볼게요ㅎㅎ,0.0
2025-12-30,"(1시간 모아보기) ""S&P500 이만큼 사두세요"" 20대부터 60대까지 꼭 알아야하는 재테크 투자법",Isa26년에금액상향되고 비과세도상향된다던대 기다렸다가만들어야하나요?,0.0
2025-12-30,"(1시간 모아보기) ""S&P500 이만큼 사두세요"" 20대부터 60대까지 꼭 알아야하는 재테크 투자법",목돈모으기좋은 적금 추천해주실수있나요?청년적금빼고 일반적금중에 괜찮은거있을까요?,0.3333333333333333
2025-12-30,"(1시간 모아보기) ""S&P500 이만큼 사두세요"" 20대부터 60대까지 꼭 알아야하는 재테크 투자법",이미 아는 내용이지만 너무 쉽게 재미있게 설명해주셔서 다시 한번 공부하고 있어요! 아직 잘 모르는 친구들에게 영상 소개하러 갑니다❤,0.0
2025-12-30,"(1시간 모아보기) ""S&P500 이만큼 사두세요"" 20대부터 60대까지 꼭 알아야하는 재테크 투자법",진짜 공부하듯 다 봤어여.. 넘 쉽게 얘기해줘서 너무 좋네요ㅠㅠ👍🏻,0.0
2025-12-30,"(1시간 모아보기) ""S&P500 이만큼 사두세요"" 20대부터 60대까지 꼭 알아야하는 재테크 투자법",짠부님 영상 도장깨기 중🤍 재테크👍🏻,0.0
2025-12-30,"(1시간 모아보기) ""S&P500 이만큼 사두세요"" 20대부터 60대까지 꼭 알아야하는 재테크 투자법",이렇게 이해하기 쉽고 한눈에 쏙~들어오는 ETF투자 쵝오예요!!  넘넘 감사합니다~인생이 막막했는데 희망이 생겼어요~~,0.0
2025-12-30,"(1시간 모아보기) ""S&P500 이만큼 사두세요"" 20대부터 60대까지 꼭 알아야하는 재테크 투자법",너무너무 감사합니다 짠부님 쵝오!!!🎉,0.0
2025-12-30,"(1시간 모아보기) ""S&P500 이만큼 사두세요"" 20대부터 60대까지 꼭 알아야하는 재테크 투자법",이미 시작했지만 포기하지않기위해서는 매일먹는 밥처럼 듣고또듣고. 미래의행복을 뇌에 각인시킬필요가 있다고생각하고 이런영상을 매일들어요 구독했어요!,0.3333333333333333
2025-12-30,"(1시간 모아보기) ""S&P500 이만큼 사두세요"" 20대부터 60대까지 꼭 알아야하는 재테크 투자법",❤고마워요❤  왕초보  열심히'듣고가요~~ 또 공부하러오께요~,0.0
2025-12-30,"(1시간 모아보기) ""S&P500 이만큼 사두세요"" 20대부터 60대까지 꼭 알아야하는 재테크 투자법",저는 64세데요 뭘 어떻게 하면 좋을까요?,0.0
2025-12-30,"(1시간 모아보기) ""S&P500 이만큼 사두세요"" 20대부터 60대까지 꼭 알아야하는 재테크 투자법",오늘보면서 귀에 딱 들어오게 설명해주니 정말 감사합니다,0.0
2025-12-30,"(1시간 모아보기) ""S&P500 이만큼 사두세요"" 20대부터 60대까지 꼭 알아야하는 재테크 투자법",짠부님 2026년에도 etf사도되나요? 뭐 끝물이라는 얘기가 많더라구여,0.0
2025-12-30,"(1시간 모아보기) ""S&P500 이만큼 사두세요"" 20대부터 60대까지 꼭 알아야하는 재테크 투자법",저는 이 영상 바로 ETF 1도 모르는 친구들 한테 돌렸다는 사실!!! 와 나 진짜 많이 컷다!!  다 김짠부 덕분입니다 👍🏽👍🏽 ISA계좌 12월에 막차 까지!! 짠부님 새해 복 많이 받으세요 💖,0.0
2025-12-30,"(1시간 모아보기) ""S&P500 이만큼 사두세요"" 20대부터 60대까지 꼭 알아야하는 재테크 투자법",고맙습니다~~^아직이해가~~^^,0.0
2025-12-30,"(1시간 모아보기) ""S&P500 이만큼 사두세요"" 20대부터 60대까지 꼭 알아야하는 재테크 투자법",인트로 공감 100%%%,0.0
2025-12-30,"(1시간 모아보기) ""S&P500 이만큼 사두세요"" 20대부터 60대까지 꼭 알아야하는 재테크 투자법",이거 정말 좋은 영상… 동거하는 애인한테도 알려줬어요😊,0.0
2025-12-30,"(1시간 모아보기) ""S&P500 이만큼 사두세요"" 20대부터 60대까지 꼭 알아야하는 재테크 투자법",혹시 시장가로 바로 사시나요? 답변 좀 달아주세요 ㅠㅠ 월배당 etf 는 뭐 사시나요?,0.0
2025-12-30,"(1시간 모아보기) ""S&P500 이만큼 사두세요"" 20대부터 60대까지 꼭 알아야하는 재테크 투자법",S&P500 ETF에 투자하는 초보에게 반드시 알려 주어야 할 내용은 투자 금액의 일일 변동이 75% 이상의 확률로 투자금의 +/-2% 정도는 변경될 수 있음을 ... 만일 2000만원을 투자 했다면 하루 +/- 40만원 정도 움직인다는 것을 ... (일괄 매수나 분할 매수 모두 동일함),0.0
2025-12-30,"(1시간 모아보기) ""S&P500 이만큼 사두세요"" 20대부터 60대까지 꼭 알아야하는 재테크 투자법",와! 이렇게 쉽게 자세히 알고싶은것을 콕콕 찍어서 설명해주시는 분은 처음이에요~ 너무너무 도움되어요~♡ 자신감도 생기구요~ 감사합니다,0.0
2025-12-30,"(1시간 모아보기) ""S&P500 이만큼 사두세요"" 20대부터 60대까지 꼭 알아야하는 재테크 투자법",isa로 3년 다 채우면 해지하고 다시 만들어서 그 원금으로 또 s&p500 사는 건가요?,0.0
2025-12-30,"(1시간 모아보기) ""S&P500 이만큼 사두세요"" 20대부터 60대까지 꼭 알아야하는 재테크 투자법","직투하면 되나요 연금저축은 결정세액이 낮아 혜택을 얼마 못받네요.,",0.0
2025-12-30,"(1시간 모아보기) ""S&P500 이만큼 사두세요"" 20대부터 60대까지 꼭 알아야하는 재테크 투자법",이런 귀한 정보와 쏙쏙 이해되는 설멸을 그냥 봐도 되나~ 생각이 들 정도로 너무 귀한 영상입니다! 감사해요!❤,0.0
2025-12-30,"(1시간 모아보기) ""S&P500 이만큼 사두세요"" 20대부터 60대까지 꼭 알아야하는 재테크 투자법",감사합니다 모음집이라 이어서보기 좋고 제로베이스인 저한테 너무 유익했습니다 ISA 계좌개설 가보자고!!!!!  + 이것저것 설명 듣고 드는 궁금한점이 바로 다음에 나와서 속이 굉장히 시원해요ㅋㅋㅋㅋ,0.0
2025-12-30,"(1시간 모아보기) ""S&P500 이만큼 사두세요"" 20대부터 60대까지 꼭 알아야하는 재테크 투자법",1빠!!잘보겠습니다 감사합니다,0.0
2025-12-30,"(1시간 모아보기) ""S&P500 이만큼 사두세요"" 20대부터 60대까지 꼭 알아야하는 재테크 투자법",정리된 지식을 한번에 볼 수 있다니..! 쉽게 이해되고 시작할 수 있을 것 같아요!!,0.0
2025-12-30,"(1시간 모아보기) ""S&P500 이만큼 사두세요"" 20대부터 60대까지 꼭 알아야하는 재테크 투자법","ETF 영업하는 수많은 영상이 있지만 이 분 영상이 최고임. 진짜 자극이 팍팍됨. 쏘리치할머니, 저도 꿈입니다. 2026년에도 열심히 아끼고 열심히 투자해보겠습니다!",0.3333333333333333
2025-11-28,한 달 화장품 60만원? 요즘 20대가 생활비 쓰는 법 | 소비 | 서울사람 구독금지 EP.5 | 정혁 | 장재열 | 서현역,댓글 왜 이렇게 ai같지...,0.0
2025-11-28,한 달 화장품 60만원? 요즘 20대가 생활비 쓰는 법 | 소비 | 서울사람 구독금지 EP.5 | 정혁 | 장재열 | 서현역,"영상 보고 느낀 건, 요즘 MZ 세대가 소비를 통해 자기만의 스타일과 취향을 얼마나 당당하게 표현하는지 진짜 와닿더라고요. 장재열 작가부터 분당 청년들의 솔직한 이야기, 운동부 출신 먹방, 20대 여성들의 뷰티비용, 신혼부부의 용돈 쪼개기까지 현실적이면서도 재치 있는 이야기들이 가득해서 보는 내내 공감과 웃음이 터졌어요. 특히 1주 전에 아빠가 된 패피의 ...",0.0
2025-11-28,한 달 화장품 60만원? 요즘 20대가 생활비 쓰는 법 | 소비 | 서울사람 구독금지 EP.5 | 정혁 | 장재열 | 서현역,무심코 들어오ㅓㅆ다가 끝까지 다봤어용 ㅋㅋㅋ 다양한 뷴들 얘기 듣는거 재밌어요!엠씨분들도 좋음!18:55 여기너무 공감돼요 소비가 나는 어떤방식으로 살고 싶은가를 알려준다!,0.0
2025-11-28,한 달 화장품 60만원? 요즘 20대가 생활비 쓰는 법 | 소비 | 서울사람 구독금지 EP.5 | 정혁 | 장재열 | 서현역,"분당에서 만난 청년들의 솔직한 소비 이야기를 들으며, 소비가 단순히 돈을 쓰는 행동이 아니라 각자의 가치와 삶의 방식이 담긴 결정이라는 점이 깊게 와 닿았어요. 특히 “나 자신에게 주는 선물”이라는 말이 너무 인상적이었습니다. 누군가는 뷰티에, 누군가는 여행에, 또 누군가는 취미에 투자하며 스스로를 행복하게 만드는 모습이 참 멋졌어요. 편집 템포도 좋아서 ...",0.3333333333333333
2025-11-28,한 달 화장품 60만원? 요즘 20대가 생활비 쓰는 법 | 소비 | 서울사람 구독금지 EP.5 | 정혁 | 장재열 | 서현역,서울사람 구독금지의 무긍한 영광을 기원하며 힘찬 응원 팍팍 드려영ㅎㅎ🤍🤍🤍🤍🤍🤍🤍🤍🤍🤍🤍🤍🤍🤍,0.0
2025-11-28,한 달 화장품 60만원? 요즘 20대가 생활비 쓰는 법 | 소비 | 서울사람 구독금지 EP.5 | 정혁 | 장재열 | 서현역,"경험 소비에 투자한다는 부분이 인상적이었어요 여행이나 공연, 전시회 같은 데는 아낌없이 쓰더라고요 저도 MZ인데 공감 백배입니다 필요한 건 아끼고 좋아하는 건 과감하게 지르는 게 맞다고 생각해요",0.0
2025-11-28,한 달 화장품 60만원? 요즘 20대가 생활비 쓰는 법 | 소비 | 서울사람 구독금지 EP.5 | 정혁 | 장재열 | 서현역,요즘 20대들이 생활비를 어떻게 쓰는지 솔직한 인터뷰 통해 알아볼 수 있어 좋았어요,0.0
2025-11-28,한 달 화장품 60만원? 요즘 20대가 생활비 쓰는 법 | 소비 | 서울사람 구독금지 EP.5 | 정혁 | 장재열 | 서현역,식비 100 쓰고 싶다는 말… 진심 20대의 로망이다... 생각만해도 행복하네,0.3333333333333333
2025-11-28,한 달 화장품 60만원? 요즘 20대가 생활비 쓰는 법 | 소비 | 서울사람 구독금지 EP.5 | 정혁 | 장재열 | 서현역,요즘 MZ가 왜 특정 분야에 지갑을 여는지 이해가 되는 에피소드였어요 먹방 플렉스부터 신혼부부의 용돈 관리 비법까지 웃음과 현실 조언이 같이 들어있어서 끝까지 몰입해서 봤어요 생활 속 소비 이야기를 이렇게 가볍게 풀어내니 다음 편도 기대돼요,0.0
2025-11-28,한 달 화장품 60만원? 요즘 20대가 생활비 쓰는 법 | 소비 | 서울사람 구독금지 EP.5 | 정혁 | 장재열 | 서현역,"분당 MZ들의 소비 패턴을 솔직하게 담아낸 점이 정말 흥미로웠습니다. 특히 ‘가심비에서 럭셔리까지’라는 말처럼, 단순히 비싼 물건을 사기 위한 소비가 아니라 자기관리·취향·삶의 만족을 위한 투자라는 흐름이 자연스럽게 느껴졌어요. 한 달 뷰티 비용, 운동 루틴, 신혼부부의 살뜰한 가계 운영까지 서로 다른 삶을 가진 청년들의 현실적인 이야기가 공감도 되고 때로...",0.3333333333333333
2025-11-28,한 달 화장품 60만원? 요즘 20대가 생활비 쓰는 법 | 소비 | 서울사람 구독금지 EP.5 | 정혁 | 장재열 | 서현역,왜 댓글들이 다 기계 돌려놓은것마냥 말투가 똑같냐,0.0
2025-11-28,한 달 화장품 60만원? 요즘 20대가 생활비 쓰는 법 | 소비 | 서울사람 구독금지 EP.5 | 정혁 | 장재열 | 서현역,"요즘 20대 소비 얘기를 이렇게 솔직하게 들을 수 있는 콘텐츠라서 끝까지 몰입해서 봤습니다. 한 달 화장품 60만 원 쓰는 분부터 떡볶이와 편의점으로 한 달을 버티는 커플까지, 각자 돈을 쓰는 방식은 완전히 다른데 결국 “나를 위해, 내 삶의 만족을 위해” 쓴다는 공통점이 느껴져서 재밌으면서도 많이 공감됐어요.  특히 서현역이라는 생활권에서 만난 MZ들의 ...",0.3333333333333333
2025-11-28,한 달 화장품 60만원? 요즘 20대가 생활비 쓰는 법 | 소비 | 서울사람 구독금지 EP.5 | 정혁 | 장재열 | 서현역,"분당에서 만난 MZ 청년들의 솔직한 소비 이야기를 들으면서, 각자의 가치관과 라이프스타일이 담긴 선택이라는 점이 인상적이었어요. 각자만의 방식으로 삶을 즐기고 있다는 점이 참 멋지네요💗",0.0
2025-11-28,한 달 화장품 60만원? 요즘 20대가 생활비 쓰는 법 | 소비 | 서울사람 구독금지 EP.5 | 정혁 | 장재열 | 서현역,요즘 20대의 소비 패턴을 알 수 있어 흥미로웠습니다. 앞으로도 재밌는 영상 기대할게요,0.0
2025-11-28,한 달 화장품 60만원? 요즘 20대가 생활비 쓰는 법 | 소비 | 서울사람 구독금지 EP.5 | 정혁 | 장재열 | 서현역,"세대마다, 상황마다 소비가 달라지지만 공통적으로 ‘삶을 더 즐겁게 만들고 싶다’는 마음은 같다는 걸 느꼈습니다. 소비가 곧 삶의 방식이라는 말이 정말 와 닿네요.",0.0
2025-11-28,한 달 화장품 60만원? 요즘 20대가 생활비 쓰는 법 | 소비 | 서울사람 구독금지 EP.5 | 정혁 | 장재열 | 서현역,20대 소비습관들 흥미롭게 감상했네요 앞으로도 MZ 세대를 이해할 수 있는 다양한 이야기들 많이 기대할게요,0.0
2025-11-28,한 달 화장품 60만원? 요즘 20대가 생활비 쓰는 법 | 소비 | 서울사람 구독금지 EP.5 | 정혁 | 장재열 | 서현역,청년들의 요즘 소비생활을 현실감 있게 만든 콘텐츠라 공감이 많이 가네요 앞으로도 좋은 콘텐츠 기대하며 응원합니다,0.0
2025-11-28,한 달 화장품 60만원? 요즘 20대가 생활비 쓰는 법 | 소비 | 서울사람 구독금지 EP.5 | 정혁 | 장재열 | 서현역,분당에서 만난 MZ 청년들의 솔직한 소비 이야기 잘 들었어요. 열심히 소비하고 또 생산하며 살아가는 청년 여러분을 응원합니다.,0.0
2025-11-28,한 달 화장품 60만원? 요즘 20대가 생활비 쓰는 법 | 소비 | 서울사람 구독금지 EP.5 | 정혁 | 장재열 | 서현역,청년들의 소비생활 잘 봤습니다.❤  항상 응원하겠습니다,0.0
2025-11-28,한 달 화장품 60만원? 요즘 20대가 생활비 쓰는 법 | 소비 | 서울사람 구독금지 EP.5 | 정혁 | 장재열 | 서현역,영상 잘 봤어요! 20대 청년들의 소비 고민에 대해 더 알게 되었네요.. 모든 청년들 홧팅하세요!!,0.0
2025-11-28,한 달 화장품 60만원? 요즘 20대가 생활비 쓰는 법 | 소비 | 서울사람 구독금지 EP.5 | 정혁 | 장재열 | 서현역,정혁님이랑 장재열님 인터뷰 너무 부드럽게 잘 이끌어주시고 반응도 잘해주셔서 재밌네요ㅋㅋ 진짜 길거리 시민들의 개인적이고 진솔한 소비 이야기를 들을 수 있어서 재밌게 잘 봤어요! 요즘 유튜브 컨텐츠들은 주로 서울과 관련되거나 서울시민들의 이야기라 경기도민들만의 공감할 수 있는 컨텐츠들도 더 많아졌으면 좋겠네요~,0.0
2025-11-28,한 달 화장품 60만원? 요즘 20대가 생활비 쓰는 법 | 소비 | 서울사람 구독금지 EP.5 | 정혁 | 장재열 | 서현역,솔직한 소비 이야기 재미있게 봤어요. 확실히 소비에는 각자 다른 삶의 방식이 보이네요,0.0
2025-11-28,한 달 화장품 60만원? 요즘 20대가 생활비 쓰는 법 | 소비 | 서울사람 구독금지 EP.5 | 정혁 | 장재열 | 서현역,청년들의 소비생활이 저랑 비슷해서 공감이 많이 되었던 영상이었습니다.,0.0
2025-11-28,한 달 화장품 60만원? 요즘 20대가 생활비 쓰는 법 | 소비 | 서울사람 구독금지 EP.5 | 정혁 | 장재열 | 서현역,"영상 속 청년들의 이야기를 보니 소비가 단순히 지출이 아니라 자기 표현이라는 생각이 듭니다.  나를 꾸미고, 즐기고, 지키는 방식이 소비로 나타나는 것 같아요. 결국 소비는 작은 행복을 찾는 과정이네요.",0.3333333333333333
2025-11-28,한 달 화장품 60만원? 요즘 20대가 생활비 쓰는 법 | 소비 | 서울사람 구독금지 EP.5 | 정혁 | 장재열 | 서현역,청년들의 소비성향 파악 너무 좋네요~,0.0
2025-11-28,한 달 화장품 60만원? 요즘 20대가 생활비 쓰는 법 | 소비 | 서울사람 구독금지 EP.5 | 정혁 | 장재열 | 서현역,"“20대 청년들의 소비 이야기를 이렇게 솔직하게 들을 수 있어서 너무 흥미로웠습니다!  식비, 화장품, 데이트, 패션까지 각자 다른 방식으로 돈을 쓰지만 결국 ‘나를 위한 소비’라는 공통점이 있다는 게 인상 깊었어요.  소비가 곧 삶의 방식이라는 말에 크게 공감합니다 👍",0.0
2025-11-28,한 달 화장품 60만원? 요즘 20대가 생활비 쓰는 법 | 소비 | 서울사람 구독금지 EP.5 | 정혁 | 장재열 | 서현역,다양한 젊은세대 사람들과 공감하고 인터뷰해서 너무 재미있었어요❤  감사합니다  😮 서울사람 구독금지 응원합니다 ❤,0.0
2025-11-28,한 달 화장품 60만원? 요즘 20대가 생활비 쓰는 법 | 소비 | 서울사람 구독금지 EP.5 | 정혁 | 장재열 | 서현역,20대 청년들의 소비패턴을 알게 되어 좋았어요,0.0
2025-11-28,한 달 화장품 60만원? 요즘 20대가 생활비 쓰는 법 | 소비 | 서울사람 구독금지 EP.5 | 정혁 | 장재열 | 서현역,익숙한 거리가 보여서 신기하네요 인터뷰도 리액션을 잘 해주셔서 스무스하게 진행되고 재미있네요 시민들의 소비 이야기 들으니 공감이 되는 부분도 있고 그러네요 유익한 시간이었던 거 같습니다,0.0
2025-11-28,한 달 화장품 60만원? 요즘 20대가 생활비 쓰는 법 | 소비 | 서울사람 구독금지 EP.5 | 정혁 | 장재열 | 서현역,언제나 좋은 영상과 정보 감사드립니다 응원합니다 힘내세요,0.0
2025-11-28,한 달 화장품 60만원? 요즘 20대가 생활비 쓰는 법 | 소비 | 서울사람 구독금지 EP.5 | 정혁 | 장재열 | 서현역,"MZ세대의 소비에 대해 몰랐던 부분도 알게되고 재미도 있고~~ 일석이조 유익한 시간이 되었어요 더욱 많은 분들이 함께 영상보고 알아가는 시간을 가져봤으면 좋겠어요~  앞으로도 쭉~ 서로서로 행복해지는 관계로 우리함께 성장해나가요  항상 응원할께요 화이팅~",0.3333333333333333
2025-11-28,한 달 화장품 60만원? 요즘 20대가 생활비 쓰는 법 | 소비 | 서울사람 구독금지 EP.5 | 정혁 | 장재열 | 서현역,여러가지 소비방법에 대해서 볼수있어서 재밌어용ㅋㅋㅋㅋㅋㅋ,0.0
2025-11-28,한 달 화장품 60만원? 요즘 20대가 생활비 쓰는 법 | 소비 | 서울사람 구독금지 EP.5 | 정혁 | 장재열 | 서현역,청년들의 소비패턴과 환경을 알수 있어 재미있었어요💖,0.0
2025-11-28,한 달 화장품 60만원? 요즘 20대가 생활비 쓰는 법 | 소비 | 서울사람 구독금지 EP.5 | 정혁 | 장재열 | 서현역,Mz세대의 다양한 소비 패턴을 알 수 있는 재밌는 영상이었어요. 본인에게 가치있는 소비에 대해 투자를 하고 소비를 한다는 부분이 개성있는 요즘 세대의 특성을 보여준다고 생각이 들었습니다.,0.0
2025-11-28,한 달 화장품 60만원? 요즘 20대가 생활비 쓰는 법 | 소비 | 서울사람 구독금지 EP.5 | 정혁 | 장재열 | 서현역,ㅋㅋㅋ 공감 백배네요. 요즘 너무 즐겁게 잘 보고있습니다. ㅎㅎ,0.0
2025-11-28,한 달 화장품 60만원? 요즘 20대가 생활비 쓰는 법 | 소비 | 서울사람 구독금지 EP.5 | 정혁 | 장재열 | 서현역,"이번 에피소드는 20대 청년들의 소비 고민을 너무나 현실적으로 다뤄줘서 깊이 공감했어요. 밥값, 화장품, 데이트 비용까지, 사는 환경과 관심사에 따라 소비 패턴이 극명하게 나뉘는 모습이 인상 깊었습니다. 특히, 데이트 비용 때문에 다음 달을 걱정하는 청년 커플의 모습에서는 씁쓸함도 느껴졌습니다. 단순히 소비액수를 보여주는 것을 넘어, 그들의 삶의 방식과 가...",0.0
2025-11-28,한 달 화장품 60만원? 요즘 20대가 생활비 쓰는 법 | 소비 | 서울사람 구독금지 EP.5 | 정혁 | 장재열 | 서현역,식비에 집중하는 친구도 있고 화장품에 한 달 50~60만 원을 쓰는 친구도 있다니 정말 극과 극이네요. 특히 화장품 70개라니 저라면 다 어디 있는지 기억조차 못할 것 같네요. 인터뷰하는 친구들 모습 하나 하나가 현실감 있게 다가와서 그런지 진짜 요즘 청년들은 이렇게 살아가고 있구나~ 하고 공감하게 되었네요,0.0
2025-11-28,한 달 화장품 60만원? 요즘 20대가 생활비 쓰는 법 | 소비 | 서울사람 구독금지 EP.5 | 정혁 | 장재열 | 서현역,MZ들의 소비에 대해서 진솔한 인터뷰 너무나 흥미롭네요,0.0
2025-11-28,한 달 화장품 60만원? 요즘 20대가 생활비 쓰는 법 | 소비 | 서울사람 구독금지 EP.5 | 정혁 | 장재열 | 서현역,댓글 왜저래,0.0
2025-11-28,한 달 화장품 60만원? 요즘 20대가 생활비 쓰는 법 | 소비 | 서울사람 구독금지 EP.5 | 정혁 | 장재열 | 서현역,분당에서 만난 MZ 청년들의 소비 이야기 재밌게 잘 보고 갑니다. 좋은 영상 많이 올려주세요.,0.0
2025-11-28,한 달 화장품 60만원? 요즘 20대가 생활비 쓰는 법 | 소비 | 서울사람 구독금지 EP.5 | 정혁 | 장재열 | 서현역,요즘 20대 MZ 청년 분들의 생활 소비 패턴을 솔직하게 알 수 있는 영상이었어요. 재밌고 흥미로웠습니다.,0.0
2025-11-28,한 달 화장품 60만원? 요즘 20대가 생활비 쓰는 법 | 소비 | 서울사람 구독금지 EP.5 | 정혁 | 장재열 | 서현역,소비습관을 돌아보게 됐네요ㅎㅎ 재밌는 영상 고마워요,0.0
2025-11-28,한 달 화장품 60만원? 요즘 20대가 생활비 쓰는 법 | 소비 | 서울사람 구독금지 EP.5 | 정혁 | 장재열 | 서현역,"세대별, 성별에 따라 소비 패턴이 이렇게나 다양할 수 있다는 걸 생생하게 보여줘서 흥미로웠어요! 20대는 식비와 뷰티템에, 커플은 데이트에, 30대는 자기관리와  가족 행복에 지출을 집중하는 모습이 현실적이면서도 공감됐습니다.  특히 30대 아빠가 아기 용품에 행복을 느낀다는 이야기는 따뜻하게 다가왔고,  소비가 단순한 지출이 아니라 삶의 가치와 우선순위를...",0.3333333333333333
2025-11-28,한 달 화장품 60만원? 요즘 20대가 생활비 쓰는 법 | 소비 | 서울사람 구독금지 EP.5 | 정혁 | 장재열 | 서현역,시민들과 소통도 하고 얘기도 나누고 ㅎㅎㅎㅎ 정말 좋네요!! ㅎㅎㅎㅎㅎ 게다가 재미까지 ㅎㅎㅎㅎ 청년분들 앞으로 응원합니다 ㅎㅎㅎㅎ,0.0
2025-11-28,한 달 화장품 60만원? 요즘 20대가 생활비 쓰는 법 | 소비 | 서울사람 구독금지 EP.5 | 정혁 | 장재열 | 서현역,청년들의 소비습관 흥미롭네요 재밌게 봤습니다 ^_^!,0.0
2025-11-28,한 달 화장품 60만원? 요즘 20대가 생활비 쓰는 법 | 소비 | 서울사람 구독금지 EP.5 | 정혁 | 장재열 | 서현역,"이 영상을 보며 좋았던 점은 요즘 MZ는 이런 데 돈을 쓰는구나~ 하는 호기심을 넘어서 각자의 가치관과 라이프스타일이 담긴 소비의 진짜 의미를 알게 되었다는 것입니다. 누군가는 패션, 누군가는 먹는 즐거움 또 다른 누군가는 자기 관리에 투자합니다. 저는 먹는 즐거움을 추구하는 것 같아요. 그 모든 선택들이 낭비가 아니라 지금을 살아가는 사람이 스스로를 돌보...",0.0
2025-11-28,한 달 화장품 60만원? 요즘 20대가 생활비 쓰는 법 | 소비 | 서울사람 구독금지 EP.5 | 정혁 | 장재열 | 서현역,"영상 속 20대들의 솔직한 소비 패턴과 가치관 이야기가 흥미롭게 다가왔습니다. 특히 화장품 비용처럼 실제 생활비를 구체적으로 공유해줘 현실감이 있었고, 요즘 MZ세대가 어떻게 소비를 선택하는지 이해하는 데 도움이 되었어요. 부담 없이 공감하며 볼 수 있는 콘텐츠라 좋았습니다.",0.0
2025-11-28,한 달 화장품 60만원? 요즘 20대가 생활비 쓰는 법 | 소비 | 서울사람 구독금지 EP.5 | 정혁 | 장재열 | 서현역,20대의 솔직한 소비이야기를 들으니 뭔가 젊은 세대는 생각없이 소비할거 같은데 지금 20대는 많은 생각을 하고 있구나하면서 제가 20대였던 시절과 비교하게 되고 지금의 저와 어떤 부분에서는 공감할 부분도 있다고 느껴서 재미있게 볼 수 있었습니다!,0.0
2025-11-28,한 달 화장품 60만원? 요즘 20대가 생활비 쓰는 법 | 소비 | 서울사람 구독금지 EP.5 | 정혁 | 장재열 | 서현역,각기 다른 가치관과 소비 패턴을 가진 다양한 개인의 모습을 보여주어 좋았어요😍,0.0
2025-11-28,한 달 화장품 60만원? 요즘 20대가 생활비 쓰는 법 | 소비 | 서울사람 구독금지 EP.5 | 정혁 | 장재열 | 서현역,MZ들의 소비 패턴을 이렇게 솔직하게 들을 수 있는 콘텐츠가 진짜 재밌네요 뷰티비용부터 명품 플렉스까지 각자 기준은 다르지만 자기 만족을 위해 투자하는 모습이 현실적이라 공감됐어요 분당에서 만난 청년들 이야기라 그런지 더 생생하게 느껴졌습니다,0.3333333333333333
2025-10-07,20대에 반드시 해야 하는 재테크 습관,"다른 재테크 꿀팁 있다면 댓글로 알려주세요👍참고로 토스 모으기는 매수시 수수료는 무료지만, 환전 수수료가 들기 때문에 환전도 무료로 하고 싶다면 키움이나 다른 증권앱을 사용하시는 것도 방법입니다!  ⏱️타임라인 00:00 인트로 00:20 청년 미래 적금 02:14 토스 소액 적금 03:59 토스 주식 모으기 06:23 기타 방법 1 07:44 기타 방법 ...",0.3333333333333333
2025-10-07,20대에 반드시 해야 하는 재테크 습관,"""나중에 볼 동영상""",0.0
2025-10-07,20대에 반드시 해야 하는 재테크 습관,택시.배달음식.쇼핑  이 세가지만 줄여도 돈 많이 모입니다. 대신 낙이 사라져요,0.0
2025-10-07,20대에 반드시 해야 하는 재테크 습관,최고의 재태크 돈 많이 벌어라 시드가 커야 승리하는 게임이다.,0.3333333333333333
2025-10-07,20대에 반드시 해야 하는 재테크 습관,4:10 슈드만 파란거 보니...ㅋㅋ,0.0
2025-10-07,20대에 반드시 해야 하는 재테크 습관,우리 동생 생각보다 똘똘하고 미래 준비하는 사람이였구만,0.0
2025-10-07,20대에 반드시 해야 하는 재테크 습관,27살이고 곧 졸업인데 막막하네 언제 돈 모으지,0.0
2025-10-07,20대에 반드시 해야 하는 재테크 습관,2년 알바하면서 돈 안 모으고 펑펑 쓰다가 만난 알고리즘... 진짜 해야 되겠다 다짐하게 됨,0.0
2025-10-07,20대에 반드시 해야 하는 재테크 습관,확실히 제테크는 하면서 돈을 어떻게 굴릴지 생각하는게 돼서 중요한 거 같어! 그래서 무조건 하는게 좋다!!,0.3333333333333333
2025-10-07,20대에 반드시 해야 하는 재테크 습관,7:46 이부분 때문에 믿고 구독합니다,0.0
2025-10-07,20대에 반드시 해야 하는 재테크 습관,아직 20대 초반이지만 지금부터 안 모으면 언제 모으나 싶어요ㅠㅠㅠ ….. 열심히 모아서 대학 전까지 1000만원만 모으고 싶다,0.0
2025-10-07,20대에 반드시 해야 하는 재테크 습관,토스보다 2금융이나 증권사 예탁금이 이자 더 높고 넣어놓는 돈 최대 액수도 더 높네요,0.0
2025-10-07,20대에 반드시 해야 하는 재테크 습관,저거 다 하는 대학생입니다 재테크 하면서 느낀 건 돈이 돈을 불러온다는 거.. 돈 많이 버는 사람이 되어야겠습니다,0.0
2025-10-07,20대에 반드시 해야 하는 재테크 습관,토스는 UI 깔끔하니 둘러보기용으로 하시고 수수료면제되는 다른 증권사앱 추천해요 모으기 기능은 없는데가 없기때문에,0.3333333333333333
2025-10-07,20대에 반드시 해야 하는 재테크 습관,월 50만원을 납부 하는 거 부터 일단 부모님이랑 살아야 하네요 ...,0.0
2025-10-07,20대에 반드시 해야 하는 재테크 습관,저처럼 돈 없는 대학생들에게 유익한 영상이네요 많이 배우고 갑니다👍,0.0
2025-10-07,20대에 반드시 해야 하는 재테크 습관,"토스 주식모으기 진짜 조심하셔야 합니다. 특히 해외주식이나 해외 etf 처럼 달러로 구매되는거면 환전 수수료 독박쓰고(자동모으기 시 환전 주문이 저녁에 들어가기 때문에 우대율 50%만 적용), 시장가 주문으로 들어갑니다.",0.0
2025-10-07,20대에 반드시 해야 하는 재테크 습관,댓글 적어놓고 알림 올때 보는 영상,0.0
2025-10-07,20대에 반드시 해야 하는 재테크 습관,일단 취업을 해야...,0.0
2025-10-07,20대에 반드시 해야 하는 재테크 습관,영상에 나오는거 전 거의 다해봤네용 ㅋㅋ ISA계좌도 해보고 적금도 넣어보고 현재는 적금 ISA계좌 전부 안하고 월급 들어오는거 최소 생활비 빼고 전부 달러 바꿔서 엔비디아랑 반도체 ai 관련주 사모았습니다. 주식이라는게 시작이 어렵지 꾸준하게 시장에 참여하는게 중요하다고 생각합니다! 다들 부자되세요~😊,-0.3333333333333333
2025-10-07,20대에 반드시 해야 하는 재테크 습관,오호? 신선한 컨텐츠네요! 잘보겠습니다 🫢👊,0.0
2025-10-07,20대에 반드시 해야 하는 재테크 습관,주식은 죽어도 싫으신 분들은 채권(정확히는 채권ETF)도 한번 알아보시면 좋을 듯.. 확실한 건 요즘 시대에 예적금만으로는 돈 모으기 정말 힘든거 같습니다 ㅠㅠ,0.0
2025-10-07,20대에 반드시 해야 하는 재테크 습관,청년도약계좌 원화 박살나고 있어서 어째야 할지,0.0
2025-10-07,20대에 반드시 해야 하는 재테크 습관,확실히 어릴때부터 했어야했는데 너무 후회중 한창 욜로니 뭐니.. 뭐 지금부터 열심히 해야죠,-0.3333333333333333
2025-10-07,20대에 반드시 해야 하는 재테크 습관,마침 이번달에 취업했는데 ㅋㅋㅋㅋ 딱 티벳님 영상이 올라오네요👍,0.0
2025-10-07,20대에 반드시 해야 하는 재테크 습관,나이 어릴수록 투자 더 열심히 하세요. 어느 정도 내 자산을 늘려가다 보면 돈 쓰는 것보다 돈 모으고 불리는 게 더 재밌는 시점이 옵니다. 그때부터 각잡고 열심히 하면 10년 뒤엔 미래가 바뀌어 있을 겁니다.,0.0
2025-10-07,20대에 반드시 해야 하는 재테크 습관,"대학생인데 요즘 스스로 변하고 싶고 그래서 형 영상 보기 시작했는데 이런 영상도 너무 고마워! 이제부터 구독하고 보려고, 항상 좋은 영상 부탁할게!",0.0
2025-10-07,20대에 반드시 해야 하는 재테크 습관,"토스 주식모으기랑 비슷하게[ 키움증권에도 주식모으기가 있는데, 이벤트가 혜자로우니 찾아보시고 해보시면 좋을것 같습니다",0.3333333333333333
2025-10-07,20대에 반드시 해야 하는 재테크 습관,굴비적금 뒤졌다 재밎겠네 ㅋㅋ,0.0
2025-10-07,20대에 반드시 해야 하는 재테크 습관,일단 수입이 없습니다,0.0
2025-10-07,20대에 반드시 해야 하는 재테크 습관,형 영상때 입으셨던 옷 정보 알수 있을까요‽ 너무 이쁘네요,0.0
2025-10-07,20대에 반드시 해야 하는 재테크 습관,40대에 이걸보다니 ㅠㅠ,0.0
2025-10-07,20대에 반드시 해야 하는 재테크 습관,ETF는 주식 전혀 몰라도 넣을 가치가 있다고 생각함 (투자는 본인의 판단입니당),0.0
2025-10-07,20대에 반드시 해야 하는 재테크 습관,조언 듣고 달라질 놈은 달라지고 안달라지는 놈은 죽어도 안달라짐..,0.0
2025-10-07,20대에 반드시 해야 하는 재테크 습관,몇개월간 k패스 카드만 발급 받아서 환급 되겠지~ 하고 썼는데 알고보니 카드 발급 하고 회원가입 해야지 환급 되네 이 영상 통해서 지금이라도 알아서 다행입니다! 감사해요 ❤,0.0
2025-10-07,20대에 반드시 해야 하는 재테크 습관,요즘엔 복리가 거의 없어서 스노우볼은 안 맞는 말 일수도 있겠네요 ㅠ ㅋㅋㅋㅋ,0.0
2025-10-07,20대에 반드시 해야 하는 재테크 습관,배달 은 꼭 일주일에 한번씩!! 시키고요 진짜 땡길때 나머지는 집밥!!!,0.0
2025-10-07,20대에 반드시 해야 하는 재테크 습관,ㅠㅠ감사합니당 😍,0.0
2025-10-07,20대에 반드시 해야 하는 재테크 습관,투자 공부하면 좋은 이유:주가가 오만가지 이유들로 영향을 받기 때문에 다양한 시사 뉴스들을 챙겨보면서 세상을 보는 눈이 넓어짐,0.0
2025-10-07,20대에 반드시 해야 하는 재테크 습관,꿀영상이군요,0.3333333333333333
2025-10-07,20대에 반드시 해야 하는 재테크 습관,중위소득 200퍼면 전 안되네요...250퍼였던 도약계좌도 발급이 안됐는데 ㅠ,0.0
2025-10-07,20대에 반드시 해야 하는 재테크 습관,저는 20대부터 일을했고 현재 29세.. 곧 30에 다가가는중인데 9년간 일했지만 모인돈도없고 마이너스만 생기네요 ㅠ  저축에 더 힘을 실어야겠습니다.. 20대의 먹고놀고 보잘것없는 삶을살아 현타가 많이오네요,0.0
2025-10-07,20대에 반드시 해야 하는 재테크 습관,껄무새 너무귀여워요 ㅋㅋ큐ㅠ,0.0
2025-10-07,20대에 반드시 해야 하는 재테크 습관,TSLL들어갔다가 -10%맞고 숨기기해놓고 도닦는중...,0.0
2025-10-07,20대에 반드시 해야 하는 재테크 습관,아 방금 배달 시켰는데….,0.0
2025-10-07,20대에 반드시 해야 하는 재테크 습관,25살 전에 5천 모으기 !!!!⭐️,0.0
2025-10-07,20대에 반드시 해야 하는 재테크 습관,너무 유익한 영상입니다 이런 동영상 자주 만들어주세요ㅎㅎ 감사합니다!,0.0
2025-10-07,20대에 반드시 해야 하는 재테크 습관,절대 토스증권 들어가서 급등주 하지마세요 실력 차트 다 의미 없습니다 세력맘이에요 그냥 도박하는 겁니다 안전하게 우량주 나 지수주식 장기투자하세요,0.0
2025-10-07,20대에 반드시 해야 하는 재테크 습관,다 보고 왔는데 평소에 재태크에 조금이라도 관심 있는 사람이면 이미 다 아는 내용이라 안봐도 될듯,0.0
2025-10-07,20대에 반드시 해야 하는 재테크 습관,무조건 레버로 시드 불려보자고요 다들 ㅋㅋㅋㅋ,0.0
2025-07-07,20대에 너무나 후회됐던 소비들,사람마다 다르겠지만 전 저거 5가지가 제일 후회되더라고요. 다른 후회된 것들 있다면 댓글로 알려주세요🙋‍♂️,-0.3333333333333333
2025-07-07,20대에 너무나 후회됐던 소비들,옷은 진짜로 한달에 2-30씩 모았다가 진짜 좋은거 하나씩 사는게 훨씬 좋은거같음,0.0
2025-07-07,20대에 너무나 후회됐던 소비들,진짜 현실적인 조언이다 ㅋㅋㅋㅋ,0.0
2025-07-07,20대에 너무나 후회됐던 소비들,"근데 2 5는 경험해봐야 아는 거임 수업료 안 내면 지식 못 얻어가는 것처럼, 저때 내 돈을 낭비해봤으니까 저러한 류의 소비가 부질없다는  걸 피부로 체감하고 안 해야 하겠다는 다짐이 확실하게 선 거임 이 쇼츠도 그렇고 주위에서 그런거 하지마라고 하는 걸 반복적으로 들어서 아는 것과, 본인이 직접 체감해봐서 느끼게 된 것은 다가오는 정도가 다르니까 결론은 ...",0.0
2025-07-07,20대에 너무나 후회됐던 소비들,저도 어렸을 때 무신사에서 돈 엄청 썼습니다. ㅋㅋㅋ 근데 그때 산 옷들 안 입어요...... 뭐 엄마한테 옷 많이 사지 말라 안 입게 된다 잔소리 들었는데도 그때는 그냥 막 샀어요. 뭐 그러면서 인생을 배우는 거쥬...,0.0
2025-07-07,20대에 너무나 후회됐던 소비들,부모님집에 사는 사람은 진짜... 특별한 이유가 없으면 잔소리 들으면서 붙어 있으세요 ㅋㅋ 그거만 해도 1년에 천만원 모을 수 있음..,0.0
2025-07-07,20대에 너무나 후회됐던 소비들,이 형 공부도 잘하셨네;;,0.0
2025-07-07,20대에 너무나 후회됐던 소비들,게임은 취미라면 진짜 그냥 콘솔하세요... 숙제안해도되고 하고싶을때 하고 현질 안해도되니까 차라리 이게 돈 훨 훨 아끼더라구요 ㅠㅠ,0.0
2025-07-07,20대에 너무나 후회됐던 소비들,지금이라도 이 영상 봐서 다행이다😢,0.0
2025-07-07,20대에 너무나 후회됐던 소비들,주식하지만 전 현재 사초년생이구.. 장투 시작했어요. 내려가면 사고 또 사고 해서 모으려고요 ㅋㅋㅋㅋ,0.0
2025-07-07,20대에 너무나 후회됐던 소비들,다 쌉말이라 개호감ㅋㅋㅋㅋ,0.0
2025-07-07,20대에 너무나 후회됐던 소비들,아니 요즘 그 한일커플 유튜버 자주 봐서 순간 그 시호님 남편 분인줄 알았는데 티벳형이였네 ㅋㅋㅋㅋㅋㅋㅋ 둘이 닮으셨다,0.0
2025-07-07,20대에 너무나 후회됐던 소비들,난 왜 단타로 600만원 털리고 이영상을 볼까,0.0
2025-07-07,20대에 너무나 후회됐던 소비들,옷은 너무 유행이 지나가서 유행템은 저는 당근이나 중고로 올라온  매물로만 사시는 거 추천,0.3333333333333333
2025-07-07,20대에 너무나 후회됐던 소비들,동준이형은 나이 들어서 더 잘생겨 지셨네요..😊,0.0
2025-07-07,20대에 너무나 후회됐던 소비들,형 내 대학 선배였구나 신기,0.0
2025-07-07,20대에 너무나 후회됐던 소비들,게임현질 ㄹㅇ.. 20대 때 게임에 500~1000은 쓴듯 30대 되고 게임 재미없어지고 안하니까 그 때 생각하니 진짜 아까움..,0.0
2025-07-07,20대에 너무나 후회됐던 소비들,그럼에도 지금의 형은 잘 살고 있으니까 나도 한번..,0.0
2025-07-07,20대에 너무나 후회됐던 소비들,형인지 아저씨인지 모르겠지만 얼굴이 맛깔나게 잘생겼네요😁 (저 중3인데 아저씨라고 부르는 게 맞겠지요~?),0.0
2025-07-07,20대에 너무나 후회됐던 소비들,한양대..,0.0
2025-07-07,20대에 너무나 후회됐던 소비들,알바하니까 자동으로 돈 아끼게 됨 돈벌기가 이렇게 어려운줄도 모르고 펑펑쓴게 개후회됨,-0.3333333333333333
2025-07-07,20대에 너무나 후회됐던 소비들,게임 현질 아까운거 인정 ㅠㅠ,0.0
2025-07-07,20대에 너무나 후회됐던 소비들,진짜 공감...,0.0
2025-07-07,20대에 너무나 후회됐던 소비들,학생이 신용카드를 어케씀,0.0
2025-07-07,20대에 너무나 후회됐던 소비들,새겨들어라진짜😂😂,0.0
2025-07-07,20대에 너무나 후회됐던 소비들,회사 복지포인트로 연명해서 살아갑니다 ㅎㅎ,0.0
2025-07-07,20대에 너무나 후회됐던 소비들,자취랑 카드는 ㄹㅇ,0.0
2025-07-07,20대에 너무나 후회됐던 소비들,다행히 여기 항목들 포함이긴한데 다 적게썻어서 다행쓰,0.0
2025-07-07,20대에 너무나 후회됐던 소비들,나는 지금도 현질을 못멈춤 이게 제일 후회 하는 일임,-0.3333333333333333
2025-07-07,20대에 너무나 후회됐던 소비들,근데 다 지나고 나서 깨닫지 그나이때는 암만 말해줘도 잘 안들림.. 대부분 겪어보는 수순 직접 똥도 찍어먹어보고 해야 나중에 가릴줄도 아는듯,0.0
2025-07-07,20대에 너무나 후회됐던 소비들,아니 뭐야 선배님이셨어요..?,0.0
2025-07-07,20대에 너무나 후회됐던 소비들,남친한티 공유해야겠어요 ㅎㅎㅎㅎ,0.0
2025-07-07,20대에 너무나 후회됐던 소비들,미자에겐 너무 어렵다..,-0.3333333333333333
2025-07-07,20대에 너무나 후회됐던 소비들,무조건 선저축 후지출 습관들이기.. 없는 돈이라 생각해야 마음 편함 😂,0.0
2025-07-07,20대에 너무나 후회됐던 소비들,피가 되고 살이되는 말이네...,0.0
2025-07-07,20대에 너무나 후회됐던 소비들,직장다니지만 신용카드는 무섭네요 ㅋㅋ,0.0
2025-07-07,20대에 너무나 후회됐던 소비들,진짜 티벳동생 맞는 얘기만 해서 너무 좋음,0.0
2025-07-07,20대에 너무나 후회됐던 소비들,천원으로 마흔시간은 즐길거 아니면 안쓰는게 맞는것같음,0.0
2025-07-07,20대에 너무나 후회됐던 소비들,단타 인정합니다 초반에는 300까지도 벌어봤는데 눈 돌아가서 야수의 심장으로 들어가다가 결국 -1000..,0.0
2025-07-07,20대에 너무나 후회됐던 소비들,대학교 다니면서 저런거 거의 못 해봤는데 왜 돈이 하나도 없지... 주구장창 알바만 하면서 살았는데..,0.0
2025-07-07,20대에 너무나 후회됐던 소비들,현질은 인정할수 밖에 없다...  지인들이랑 겜할때 200가까이 썼는데 접었음.. 그후로 내가 자주 하는 겜에만 월정액 정도만 지른다...,0.0
2025-07-07,20대에 너무나 후회됐던 소비들,저희 학원 심리 선생님과 같은 말씀하시네요 사회 초년생때 절대 신용카드 쓰지말라고,0.0
2025-07-07,20대에 너무나 후회됐던 소비들,졸업 반년 남았는데. 3년 자취하니까..모아둔 돈이 없다..,0.0
2025-07-07,20대에 너무나 후회됐던 소비들,"형! 본 영상에 답이 안 달려서 여기에 다시 물어봐! 토리든 구성 2번으로 사면 미니가 총 4개 오는 거로 알고 있는데 2개만 받아서 ,,, 내가 착각을 한 걸깡? 😢",0.0
2025-07-07,20대에 너무나 후회됐던 소비들,머스크형을 믿을까요 공부를 할까요,0.0
2025-07-07,20대에 너무나 후회됐던 소비들,다 돈이 없어서 못해봄 ㅋㅋ,0.0
2025-07-07,20대에 너무나 후회됐던 소비들,경험이 곧 자산이쥬 빚만 안지면ㅋㅋ,0.0
2025-07-07,20대에 너무나 후회됐던 소비들,예시에 범고래는 이상하게 유행 많이탄거지 배색 디자인 걍 기본템이라 딱맞는 사진은 아닌듯,0.0
2025-07-07,20대에 너무나 후회됐던 소비들,메던을 했어?,0.0
2025-07-07,20대에 너무나 후회됐던 소비들,팩트,0.0
2025-05-21,20대 시절 너무나 후회됐던 소비들,"구독자님들은 저보다 현명하게 소비하시기를 바라면서 만든 영상입니다..후...공감되셨다면 좋아요 좀 부탁드립니다..ㅋ  🛍티동 추천템 모음: https://litt.ly/tibet\ (관리템, 식단템, 쿠팡템 등등)  🥯 티동이 먹는 통밀베이글, 그릭요거트 🔥990원딜🔥  https://ploe.co.kr/surl/P/29/?cafe_mkt=ue_yt2024...",0.3333333333333333
2025-05-21,20대 시절 너무나 후회됐던 소비들,신용카드에 '지금 돈을 내지 않아도 되는 메리트'가 느껴진다면 신용카드 절대 만들지 마세요🙅🏻‍♂️,0.0
2025-05-21,20대 시절 너무나 후회됐던 소비들,너무 재밌게 산거같은데요? 그거 다 안하고 살았으면 스토리가 많이 없을듯,0.0
2025-05-21,20대 시절 너무나 후회됐던 소비들,사람이란게 그냥 다해봐야 피부로 느끼고 깊게 깨닫는것같음 ..,0.0
2025-05-21,20대 시절 너무나 후회됐던 소비들,"진짜 패션은 유행템말고 국밥템사는거 ㅇㅈ이요,,그거 살돈으로 저축하거나 투자할걸시픙ㅁ,,,,,,,,,,,,ㅜㅜㅜㅜㅜㅜㅜㅜㅜㅜㅜㅜㅜㅜ",0.0
2025-05-21,20대 시절 너무나 후회됐던 소비들,10:07 진짜 공감. 어릴때부터 돈모아라 겜현질 아깝다 신용카드 쓰지마라 이런거 다 들어서 아는데 그때는 안와닿다가 직접 해보고 후회해봐야 가슴에 와닿고 그때부터 정신차리기 시작함ㅜㅜ,-0.3333333333333333
2025-05-21,20대 시절 너무나 후회됐던 소비들,여러분 저축과 건전한 투자를 위한 공부 등은 정말정말 중요합니다. 그중에서도 최고의 재테크는 단연 절약과 저축입니다. 1000만원을 은행 예금으로 넣으면 한달에 이자가 2만원이에요 반대로 말하면 한달에 2만원을 아끼면 1000만원의 기회비용을 얻을 수 있다는거죠  저는 다행히 좋은 투자 스승을 만났고 경제관념도 잡혀있고 저의 투자를 지지해주는 좋은 여자친구...,0.3333333333333333
2025-05-21,20대 시절 너무나 후회됐던 소비들,"공감합니다, 특히 신용카드.. 늦게 만들어도 되는 카드가 맞아요. 처음엔 고가의 물건을 구매하기 위해 만들었는데, 그 할부를 값고 나서도 사용하게 되니 씀씀이가 점점 늘어나더라구요. 사회 초년생일수록 주의해야 하는 부분 같습니다.",0.0
2025-05-21,20대 시절 너무나 후회됐던 소비들,"마지막에도 말씀해주셨지만 돈 쓰지말라는게 아닙니다, 현명한 소비습관! 저는 20대때는 그때만의 만들수 있는 추억들이 있다고 생각합니다. 그건 돈을 주고도 못사는거니까요, 현명하게 소비하면서 좋은 추억 많이 만들고 30대 때는 나와 가족을 위해서 소비하면 좋을것 같다는 생각합니다 ㅎㅎ 많이 깨닫게 되는 영상이네요",0.0
2025-05-21,20대 시절 너무나 후회됐던 소비들,"좋은 말씀입니다. 저는 정신,몸건강이 제일 우선인 거 같아요  술 조금 덜 먹고 담배 끊고 운동 좀 하고 맑은 정신으로 사는게 최고인 거 같아요",0.3333333333333333
2025-05-21,20대 시절 너무나 후회됐던 소비들,이런 영상 너무 좋습니다~~,0.0
2025-05-21,20대 시절 너무나 후회됐던 소비들,"통 틀어서 자기객관화가 제일 중요한거 같아요 그래서 저는 매달 매일 토스 내 소비칸에 들어가서 달에 어느정도 썼는지 쇼핑,배달,교통비,데이트,식비 등등 어디에다가 좀 많이 썼는지에 대해서 달마다 또는 하루마다 곰곰히 생각해보는거 같아요 토스 내 소비 들어가시면 어디에 소비를 했는지 한 눈에 잘 보여서 정리가 잘 되는 거 같습니다. 저도 처음에는 전역하고나서...",0.0
2025-05-21,20대 시절 너무나 후회됐던 소비들,야근 후 최고-의선택 ㅋㅋㅋㅋㅋ 머리 진짜 잘어울려요!,0.3333333333333333
2025-05-21,20대 시절 너무나 후회됐던 소비들,"다녀 갑니다!  티동님, 구구절절 100% 동의동감입니다. 다만, '지나고 보면 후회' 이것이 문제이지요. 지금부터라도 마음을 다 잡고, 리셋해볼랍니다. ^^  '티벳동생', 늘 응원합니다!",-0.3333333333333333
2025-05-21,20대 시절 너무나 후회됐던 소비들,이번 영상 되게 도움되고 중요한 얘기같아요. 재밌게 보고 갑니다!,0.0
2025-05-21,20대 시절 너무나 후회됐던 소비들,"꼭 필요하지 않은 것 중에 사고 싶은 충동이 들때가 있는데, 제 경험상으로는 결제할때는 도파민이 터지다가 나중에 가면 현타만 남더라구요. 결국에는 그 현타를 남들한테는 티내고 싶진 않아서 억지로 괜찮은 척 만족하는 척 하게 되더라구요. 이대로 가다간 인생 하드모드 될거 같아서 싹다 끊었어요",0.3333333333333333
2025-05-21,20대 시절 너무나 후회됐던 소비들,단타 너무 공감.. 너무 유익한 영상이에요👍👍,0.0
2025-05-21,20대 시절 너무나 후회됐던 소비들,5:42 게임현질은 하셔야됩니다..그래야 내가벌지..ㅋㅋ,0.0
2025-05-21,20대 시절 너무나 후회됐던 소비들,집안이 안좋아서 16살 부터 혼자서 지내면서 이때까지 열심히 사고싶은거 참고 옷도 시장에서 7천원 짜리 티셔츠 돌려입고 24살 드디어 오늘 월급으로 1억이 모였네요..  사람들 술먹고 클럽가고 놀때  열심히 일하고 외주 받고 일하고 배달 안시키고 만들어 먹는다고  조금 지치고 힘들었는데 남들에 비해서 아직 작은 돈이지만  이제는 20대 안에 집 구매를 목표...,0.0
2025-05-21,20대 시절 너무나 후회됐던 소비들,무멘.. 👍👍👍,0.0
2025-05-21,20대 시절 너무나 후회됐던 소비들,"그냥 최대한 아무것도 사지 않고, 이거 없으면 클난다 싶은 것만 사자. 욕심도 줄어들고 마음도 편해지고 돈도 잘 모아진다.",0.0
2025-05-21,20대 시절 너무나 후회됐던 소비들,제일 중요한건 도박 안하는거같습니다,0.0
2025-05-21,20대 시절 너무나 후회됐던 소비들,보험!!!! 제발 엄마친구 / 지인 들한테 가입 하지말고 공부해서 가입하세요 나중에 받을거 없어요 ㅠ,0.0
2025-05-21,20대 시절 너무나 후회됐던 소비들,이 영상  보고 구독 눌렀습니다. 도움이 많이 되는 영상이네요!,0.0
2025-05-21,20대 시절 너무나 후회됐던 소비들,자자 이제 여름 한여름 일주일 스킨케어 기다릴게요 ㅎ 아주 진짜 그냥 찐템들 그냥 지겹템들로다가~,0.0
2025-05-21,20대 시절 너무나 후회됐던 소비들,"게임 현질 진짜 너무 공감갑니다.. 학생때 게임에 몇백씩 했던게 제일 후회되네요... 친구들 사이에서 좋은 스킨, 아이템 과시하는게 뭐가 좋았던건지 지금으로썬 진짜 이해 안가는 행동중 1위인거같네요 ㅜㅠ",-0.3333333333333333
2025-05-21,20대 시절 너무나 후회됐던 소비들,24살이지만 알아도 제대로 모르는 내용들인데 세세하게 설명해주셔서 감사해요 ❤❤,0.0
2025-05-21,20대 시절 너무나 후회됐던 소비들,"저는 대학생 때, 신용카드 써보는 것도 좋은 경험 같아요. 그나마 어릴 때야 20, 30 정도 더 쓰고 말겠지만 나중에 사회 나가서 처음 신용카드 쓴다고 하면 더 큰일 날 수도,,, 저는 대학생 때 신용카드 써보니까 그 때, 돈 훅훅 빠져나가는 경험덕분에 오히려 지금 체크카드 무조건 쓰고 신용카드는 할부 할 때만 써용,,,",0.0
2025-05-21,20대 시절 너무나 후회됐던 소비들,항상 느끼는건데 이런영상 너무 도움되고 중요한얘기같아요 티동님은 다른뷰티유튜버분들과 다르게 이런종류의 영상도 올려주셔서 너무 감사해요,0.0
2025-05-21,20대 시절 너무나 후회됐던 소비들,신용카드도 잘 사용하면 되요ㅎㅎ 신용점수에 도움 되고 큰 돈 나갈 걸 조금은 덜어줍니다.,0.0
2025-05-21,20대 시절 너무나 후회됐던 소비들,왜 이런 영상은 잔고가 떨어질때쯤 내 알고리즘에 뜨는걸까😢,0.0
2025-05-21,20대 시절 너무나 후회됐던 소비들,잘 새겨듣겠습니다!!☺️ 진심을 담아서 설명해주시는게 느껴져서 더 마음에 와닿았어요!! 감사해유~~,0.0
2025-05-21,20대 시절 너무나 후회됐던 소비들,신카 진짜 공감.. 돈 녹는길.. 정말 필요한 소비인데 큰 돈이라 어쩔 수 없이 할부하는 거 아니면 절대 쓰지말아야함 ㅠㅠㅠㅠ,0.0
2025-05-21,20대 시절 너무나 후회됐던 소비들,형님 오늘도 잘생기셤ㅆ습니다,0.0
2025-05-21,20대 시절 너무나 후회됐던 소비들,7:10 윤성빈이 이 영상을 싫어합니다,0.0
2025-05-21,20대 시절 너무나 후회됐던 소비들,이형 철찌였구나ㅋㅋ,0.0
2025-05-21,20대 시절 너무나 후회됐던 소비들,게임현질 진짜 후회됨ㅋㅋㅋ,-0.3333333333333333
2025-05-21,20대 시절 너무나 후회됐던 소비들,근데 ...전 하나중다르게생각하는건 자취는 잘한거라생각합니다 경제관념도생기고 자꾸 본가에있다보면의존성이생기구요 자립절대어려워져요 왜냐면 자꾸...해주겠지하는 사람 심리가생기고 붙어있게되요 그럼 나중에 내가할수있게되는 경험치가 그리고이겨내야하는것들이 많이 맘이약해지는것도없지않아있더라고요 뭐 사람가치관에따라다르다고생각합니다만 인생 값치곤 아깝다면아깝고 배운경험...,0.0
2025-05-21,20대 시절 너무나 후회됐던 소비들,좋은 말씀 고마워요이..!!❤❤,0.0
2025-05-21,20대 시절 너무나 후회됐던 소비들,나 안방에서 이영상 보고있는데 엄마가 옆에서 듣다가 이 사람 현명하다고..ㅋㅋ 근데 그게 맞긴해..!!!!,0.0
2025-05-21,20대 시절 너무나 후회됐던 소비들,절반만 겪어봤고 후회하는데 사실 안겪어보면 모르는거 투성이네요 20대 때는 남의 이야기 잘 듣지도 않던 ㅋㅋㅋㅋㅋ,-0.3333333333333333
2025-05-21,20대 시절 너무나 후회됐던 소비들,22살인데 형님 유튜브 보고 많이 배웁니다  요즘 무엇을 해야 할지 잘 모르겠어서 방황하는 느낌이 있었는데 이 영상 보고 재테크 관련 공부 좀 해보면서 소비 습관이랑 저축 습관 만드는 쪽으로 해보려고 합니다 항상 감사합니당,0.0
2025-05-21,20대 시절 너무나 후회됐던 소비들,내가 SNS에서 제일 이해가 안되었던 것들만 있네,0.0
2025-05-21,20대 시절 너무나 후회됐던 소비들,재밋게 인생선배 조언을 들으니 너무 좋습니다,0.0
2025-05-21,20대 시절 너무나 후회됐던 소비들,내 인생은 티벳동생을 만나기 전과 후로 나뉜다,0.0
2025-05-21,20대 시절 너무나 후회됐던 소비들,어... 이제 곧 코로나 때처럼 불장 오는데.. 함 들어가야죠,0.0
2025-05-21,20대 시절 너무나 후회됐던 소비들,덕분에 앞으로 소비할때 어떻게 해야할지 알게 되었습니당 완전 굿드 😆❤️,0.0
2025-05-21,20대 시절 너무나 후회됐던 소비들,꿀팁 고마워요 형. 혹시 이번 마켓 썬크림은 이지워시 일까요?,0.3333333333333333
2025-05-21,20대 시절 너무나 후회됐던 소비들,와 마지막 워렌버핏 이야기는 진짜 맨날 논문 읽으면서 이게 맞나... 하는 내 모습이 그래도 잘 하고 있다고 위로해주는 것 같아서 좋네요ㅠㅠ,0.0
2025-05-21,20대 시절 너무나 후회됐던 소비들,진짜 동생이였넼ㅋㅋㅋㅋㅋㅋㅋ,0.0
2024-11-26,20대가 꼭 알아야 할 왕초보 재테크 용어 | 경제 공부 시작할 때 필수시청! 🪄,"댓글 반응 좋으면 2탄도 찍어볼게요!!! 다들 경제초보 탈출하쟈 🩷 00:43 | 1. 예금 ・ 적금 01:33 | 2. 금리 (기준금리 ・ 고정금리 ・ 변동금리) 03:32 | 3. 자산 ・ 부채 (순자산?) 04:31 | 4. 주식 05:23 | 5. 코스피 ・ 코스닥 06:04 | 6. 재무제표 06:35 | 7. 상장 07:18 | 8. 배당 (...",0.0
2024-11-26,20대가 꼭 알아야 할 왕초보 재테크 용어 | 경제 공부 시작할 때 필수시청! 🪄,진짜 저같은 금융문맹에게 너무너무너무너무너무 좋은 강의예요 공짜로 듣는게 죄송할만큼 너무 좋네요 중급편도 기대할게요 옌마드님 감사합니다!!!,0.0
2024-11-26,20대가 꼭 알아야 할 왕초보 재테크 용어 | 경제 공부 시작할 때 필수시청! 🪄,정말 너무 잘 보고 갑니당 !! 최근에 봤던 영상중에 가장 깔끔하고 도움되는 영상이였던거 같아요 ! ㅠㅠㅠ 앞으로도 이 시리즈 많이많이 내주세여ㅠㅠ❤,0.0
2024-11-26,20대가 꼭 알아야 할 왕초보 재테크 용어 | 경제 공부 시작할 때 필수시청! 🪄,알기 쉽게 좋은 경제용어 정리해주셔서 도움 많이 됩니다!! 꼭 2탄도 그 이후로도 쭉쭉 올려주세요❤,0.0
2024-11-26,20대가 꼭 알아야 할 왕초보 재테크 용어 | 경제 공부 시작할 때 필수시청! 🪄,이런 영상 너무 도움되고 좋아요🥺💖,0.0
2024-11-26,20대가 꼭 알아야 할 왕초보 재테크 용어 | 경제 공부 시작할 때 필수시청! 🪄,저 정말 경제에 대해서 아무것도 몰랐는데 용어들을 너무 쉽게 알려주셔서 이해가 너무 잘 되었어요!! 김사합니다,0.0
2024-11-26,20대가 꼭 알아야 할 왕초보 재테크 용어 | 경제 공부 시작할 때 필수시청! 🪄,항상 어려운 얘기들을 쉽게 풀어주셔서 도움받고 있어요. 감사드려요❣️,0.0
2024-11-26,20대가 꼭 알아야 할 왕초보 재테크 용어 | 경제 공부 시작할 때 필수시청! 🪄,알기쉽게 설명해주셔서 감사합니다 자주 올게요,0.0
2024-11-26,20대가 꼭 알아야 할 왕초보 재테크 용어 | 경제 공부 시작할 때 필수시청! 🪄,궁금증이 한번에 다 해결됐어요!! 2탄 꼭 올려주세요😢😢,0.0
2024-11-26,20대가 꼭 알아야 할 왕초보 재테크 용어 | 경제 공부 시작할 때 필수시청! 🪄,예쁘시고 똑똑하시고 목소리도 좋으시고 감사합니다!,0.0
2024-11-26,20대가 꼭 알아야 할 왕초보 재테크 용어 | 경제 공부 시작할 때 필수시청! 🪄,좋은정보 감사합니다!!기초적인 정보가 너무 필요했는데 정말 유용하네요😊,0.0
2024-11-26,20대가 꼭 알아야 할 왕초보 재테크 용어 | 경제 공부 시작할 때 필수시청! 🪄,항상 느끼는데 옌마드님은 쉽게 설명하는? 가르치는 능력이 뛰어난 것 같아요! 발음도 좋아서 진짜 귀에 쏙쏙들어오고.. 나만의 랜선 선생님 ♥︎,0.0
2024-11-26,20대가 꼭 알아야 할 왕초보 재테크 용어 | 경제 공부 시작할 때 필수시청! 🪄,진짜 미쳐따.. 최고시다... 또 해주세요!!❤,0.3333333333333333
2024-11-26,20대가 꼭 알아야 할 왕초보 재테크 용어 | 경제 공부 시작할 때 필수시청! 🪄,똘똘하다 똘똘해 남편은 전생에 나라를 구했네,0.0
2024-11-26,20대가 꼭 알아야 할 왕초보 재테크 용어 | 경제 공부 시작할 때 필수시청! 🪄,2탄 갑시다 최고,0.3333333333333333
2024-11-26,20대가 꼭 알아야 할 왕초보 재테크 용어 | 경제 공부 시작할 때 필수시청! 🪄,"헷갈리는 용어들 많았는데 쉽게 설명해주셔서 바로 이해됐어요! 2편, 3편도 기대됩니다!!",0.0
2024-11-26,20대가 꼭 알아야 할 왕초보 재테크 용어 | 경제 공부 시작할 때 필수시청! 🪄,중급 영상도 찍어주세요!! 항상 잘 보고 있습니당,0.0
2024-11-26,20대가 꼭 알아야 할 왕초보 재테크 용어 | 경제 공부 시작할 때 필수시청! 🪄,항상 감사합니다❤ 겨울방학부터 경제공부 하루에 한시간 도전!!,0.0
2024-11-26,20대가 꼭 알아야 할 왕초보 재테크 용어 | 경제 공부 시작할 때 필수시청! 🪄,유용한 영상 감사합니다!ㅎㅎ 마니마니 만들어주세여!!,0.0
2024-11-26,20대가 꼭 알아야 할 왕초보 재테크 용어 | 경제 공부 시작할 때 필수시청! 🪄,2탄도 너무 원해요!!!! 옌마드님한테 배우니 더 쏙쏙 잘들어오는 것 같아요❤,0.0
2024-11-26,20대가 꼭 알아야 할 왕초보 재테크 용어 | 경제 공부 시작할 때 필수시청! 🪄,굿굿 좋아요!!  얼굴이쁜만큼 말씀도 이쁘게 잘 하십니다,0.0
2024-11-26,20대가 꼭 알아야 할 왕초보 재테크 용어 | 경제 공부 시작할 때 필수시청! 🪄,2탄 원해요❤,0.0
2024-11-26,20대가 꼭 알아야 할 왕초보 재테크 용어 | 경제 공부 시작할 때 필수시청! 🪄,감사합니다. 사회 초년생이라 불투명하게 아는 것들이 많았는데 덕분에 선명하게 정리했어요 😊,0.0
2024-11-26,20대가 꼭 알아야 할 왕초보 재테크 용어 | 경제 공부 시작할 때 필수시청! 🪄,"처음 경제나 재테크 공부를 시작할 때 가장 막막한게 용어였던 기억이 나는데, 설명을 정말 쉽고 깔끔하게 해주시네요 ㅎㅎ 잘 보고 갑니다!",0.0
2024-11-26,20대가 꼭 알아야 할 왕초보 재테크 용어 | 경제 공부 시작할 때 필수시청! 🪄,좋은 영상 너무 감사합니다 관련해서 콘텐츠 더 만들어주세요!😍,0.0
2024-11-26,20대가 꼭 알아야 할 왕초보 재테크 용어 | 경제 공부 시작할 때 필수시청! 🪄,너무너무 도움됐어요 감사합니다!🥰,0.0
2024-11-26,20대가 꼭 알아야 할 왕초보 재테크 용어 | 경제 공부 시작할 때 필수시청! 🪄,안 그래도 경제용어때문에 애 좀 먹었는데  초등학생도 이해할만큼 잘 정리해주셔서 사랑합니다ㅋㅋ❣,0.0
2024-11-26,20대가 꼭 알아야 할 왕초보 재테크 용어 | 경제 공부 시작할 때 필수시청! 🪄,내용 정말 좋네요 :) 항상 잘 보고 있어요❤,0.0
2024-11-26,20대가 꼭 알아야 할 왕초보 재테크 용어 | 경제 공부 시작할 때 필수시청! 🪄,알기 쉽게 알려주셔서 감사합니다.,0.0
2024-11-26,20대가 꼭 알아야 할 왕초보 재테크 용어 | 경제 공부 시작할 때 필수시청! 🪄,좋은 영상 감사합니다,0.0
2024-11-26,20대가 꼭 알아야 할 왕초보 재테크 용어 | 경제 공부 시작할 때 필수시청! 🪄,좋은 영상 정말 감사합니다!,0.0
2024-11-26,20대가 꼭 알아야 할 왕초보 재테크 용어 | 경제 공부 시작할 때 필수시청! 🪄,다른사람 댓글 봤는데 국장은 저평가 세일할때 매수해서 초초초특가세일할때 매도해야 할수도 있습니다 ㅋㅋ,0.0
2024-11-26,20대가 꼭 알아야 할 왕초보 재테크 용어 | 경제 공부 시작할 때 필수시청! 🪄,갓 성인된 사람인데 도움 너무 많이 됐어요ㅠㅠ 나도 이제 어른이라는 생각에 돈 모아야지 생각만 하고 어떻게 해야할지 너무 너무 막막했는데 진짜 감사합니다ㅜㅜ❤,0.0
2024-11-26,20대가 꼭 알아야 할 왕초보 재테크 용어 | 경제 공부 시작할 때 필수시청! 🪄,와 진짜 원했던 영상이에여.. 왕초보 맞춤영상... 저 주식도 잘 알지도못하면서 하고 있었는데 너무 감사합니다ㅠㅠㅠㅠㅠ😍,0.0
2024-11-26,20대가 꼭 알아야 할 왕초보 재테크 용어 | 경제 공부 시작할 때 필수시청! 🪄,진짜 이 영상이 널리 널리 퍼졌으면 좋겠네요!! 경제 왕초보라 경제공부 시작하기가 두려웠는데 이 영상보고 다시 공부해보려고 마음먹었어요!! 유익한 영상 감사합니다!!,0.0
2024-11-26,20대가 꼭 알아야 할 왕초보 재테크 용어 | 경제 공부 시작할 때 필수시청! 🪄,좋은 영상 감사합니다~,0.0
2024-11-26,20대가 꼭 알아야 할 왕초보 재테크 용어 | 경제 공부 시작할 때 필수시청! 🪄,와 설명대박좋아요 이해 뽝 됨,0.0
2024-11-26,20대가 꼭 알아야 할 왕초보 재테크 용어 | 경제 공부 시작할 때 필수시청! 🪄,영상잘봤습니다 😀,0.0
2024-11-26,20대가 꼭 알아야 할 왕초보 재테크 용어 | 경제 공부 시작할 때 필수시청! 🪄,너무 좋네요!!,0.0
2024-11-26,20대가 꼭 알아야 할 왕초보 재테크 용어 | 경제 공부 시작할 때 필수시청! 🪄,좋아요~^^😊,0.0
2024-11-26,20대가 꼭 알아야 할 왕초보 재테크 용어 | 경제 공부 시작할 때 필수시청! 🪄,여성스럽고 멋있어요😻,0.0
2024-11-26,20대가 꼭 알아야 할 왕초보 재테크 용어 | 경제 공부 시작할 때 필수시청! 🪄,감사합니다,0.0
2024-11-26,20대가 꼭 알아야 할 왕초보 재테크 용어 | 경제 공부 시작할 때 필수시청! 🪄,감사합니다…,0.0
2024-11-26,20대가 꼭 알아야 할 왕초보 재테크 용어 | 경제 공부 시작할 때 필수시청! 🪄,옌마드님 혹시 다이어리 추천영상 같은건 계획없으신가용 올리신다면 보고 추천해주시는 걸 구매 고려해보고 싶어서요1,0.3333333333333333
2024-11-26,20대가 꼭 알아야 할 왕초보 재테크 용어 | 경제 공부 시작할 때 필수시청! 🪄,재테크 영상도 자주 찍어주심 안될까여..ㅠㅠ 이번 영상처럼 완전 기초 느낌으로 알려주시믄 좋을 것 같아요!! 그리고 목소리 너무 조아서 듣기편안해요,0.0
2024-11-26,20대가 꼭 알아야 할 왕초보 재테크 용어 | 경제 공부 시작할 때 필수시청! 🪄,올크레딧 신용점수 확인은 유료서비스인가여?,0.0
2024-11-26,20대가 꼭 알아야 할 왕초보 재테크 용어 | 경제 공부 시작할 때 필수시청! 🪄,제가 주택청약종합저축을 자동이체를 하고 있는데 인터넷에 검색을 하니 전환을 할수도 있다고 하는데 어떻게 해야 할까요?,0.0
2024-11-26,20대가 꼭 알아야 할 왕초보 재테크 용어 | 경제 공부 시작할 때 필수시청! 🪄,청년인데 지금 일반 청약주택 넣고있는데 청년주택드림으로 전환하는 게 나을까요 유지하는게 나을까요?,0.0
2024-11-26,20대가 꼭 알아야 할 왕초보 재테크 용어 | 경제 공부 시작할 때 필수시청! 🪄,한국주식에 KB증권앱을 사용하고있습니다. 현금배당을 기업정보들어가서 배당정보를 들어가면 나와야하는데 미국주식은 나오는데 한국주식은 안나오네요ㅜㅜ,0.0
2024-11-26,20대가 꼭 알아야 할 왕초보 재테크 용어 | 경제 공부 시작할 때 필수시청! 🪄,정기예금 매달 풍차 돌리기 하세요! 적금은 해약 하기쉽고 해약하면 손해봅니다.,-0.3333333333333333
2024-03-06,"1억 모으고 알게 된 것 5가지 (평범한 20대 직장인, 사회초년생 재테크, 돈 모으기 노하우)",1억 모으려면 우선 천만 원부터 모아야 함 모아본 경험이 쌓이고 쌓여서 목돈이 된다,0.0
2024-03-06,"1억 모으고 알게 된 것 5가지 (평범한 20대 직장인, 사회초년생 재테크, 돈 모으기 노하우)",축하드립니다.~ 세상은 두부류의 사람이 있을 뿐입니다. 1억을 모아본 사람과 아닌사람.. 그 이후 투자돈이 1억을 창출하는 순간이 또 시계열이 달라지는 순간입니다. 화이팅~,0.0
2024-03-06,"1억 모으고 알게 된 것 5가지 (평범한 20대 직장인, 사회초년생 재테크, 돈 모으기 노하우)",와 4년만인데 이게 되노ㄷ ㄷ,0.0
2024-03-06,"1억 모으고 알게 된 것 5가지 (평범한 20대 직장인, 사회초년생 재테크, 돈 모으기 노하우)",축하드려요. 1~5번 모두 저는 40대에 깨달았거든요. 1억이 모인후부터 자산이 제곱으로 불어나는것을 경험하게 될거예요!! 화이팅!!,0.0
2024-03-06,"1억 모으고 알게 된 것 5가지 (평범한 20대 직장인, 사회초년생 재테크, 돈 모으기 노하우)",1억 모으면 1억이 적어보이며 2억은 있어야지 라는 생각이 들고 2억 모으면 3억 생각나고 어느정도 이상 모일때까지는 무한 반복임 물론 본인기준,0.0
2024-03-06,"1억 모으고 알게 된 것 5가지 (평범한 20대 직장인, 사회초년생 재테크, 돈 모으기 노하우)","5번 공감합니다. 쓰는것도, 안쓰는것도 습관입니다. 이제 시작이라 생각하고 복리의 무서움도 경험해 보시면 좋을 것 같아요.",0.0
2024-03-06,"1억 모으고 알게 된 것 5가지 (평범한 20대 직장인, 사회초년생 재테크, 돈 모으기 노하우)",03:20 요즘 다들 1억 1억 말하는데…실제로 1억 모으는 건 정말 어려운 것 같아욧….충동소비 꼭 막자!!!!!!,0.0
2024-03-06,"1억 모으고 알게 된 것 5가지 (평범한 20대 직장인, 사회초년생 재테크, 돈 모으기 노하우)",그렇게 모은 1억 중에 1원이라도 뺏어가거나 날로달라고 하는 것들이 인간관계서 걸러지게 되겠지요 . 전 그 목적으로 권유해요🤣🥲😥😇,0.0
2024-03-06,"1억 모으고 알게 된 것 5가지 (평범한 20대 직장인, 사회초년생 재테크, 돈 모으기 노하우)",대단하시네요..,0.0
2024-03-06,"1억 모으고 알게 된 것 5가지 (평범한 20대 직장인, 사회초년생 재테크, 돈 모으기 노하우)",옆에 좋은사람이 있어야 된다는 말 너무 공감합니다! 좋은영상 감사해요😊,0.0
2024-03-06,"1억 모으고 알게 된 것 5가지 (평범한 20대 직장인, 사회초년생 재테크, 돈 모으기 노하우)",왜 아무도 1억을 어떻게 모았는지 물어보는 사람이 없지.. 그것도 4년만에.. 1년에 평균 2500만원을 어떻게 모으나,0.0
2024-03-06,"1억 모으고 알게 된 것 5가지 (평범한 20대 직장인, 사회초년생 재테크, 돈 모으기 노하우)",와.. 20대에 1억  30대 초반에 이제 3천 모았는데 정말 감탄스럽네요  부자되세요~~ 자극 받고 열심히 돈 모우겠숩니다! ㅎㅎ,0.0
2024-03-06,"1억 모으고 알게 된 것 5가지 (평범한 20대 직장인, 사회초년생 재테크, 돈 모으기 노하우)",26살 99년생 동생입니다 저도 2027년안에 1억 모으기 도전하는중입니다. 열심히 이어나가서 성공해서 더 공부하고 재투자하고 경제적자유를 얻기 위해 끊임없이 노력하겠습니다🎉,0.3333333333333333
2024-03-06,"1억 모으고 알게 된 것 5가지 (평범한 20대 직장인, 사회초년생 재테크, 돈 모으기 노하우)",야무지신분이네 이런 여자분들만나야하는데..,0.0
2024-03-06,"1억 모으고 알게 된 것 5가지 (평범한 20대 직장인, 사회초년생 재테크, 돈 모으기 노하우)",너무 예뻐요~ 원하는 목표 이루어지기 바래요^^,0.0
2024-03-06,"1억 모으고 알게 된 것 5가지 (평범한 20대 직장인, 사회초년생 재테크, 돈 모으기 노하우)",저도 25까지 1억 목표입니다❤,0.0
2024-03-06,"1억 모으고 알게 된 것 5가지 (평범한 20대 직장인, 사회초년생 재테크, 돈 모으기 노하우)",축하드리고 대단하시네요. 배울점이 많아요. 멋진 도전 응원합니다!,0.0
2024-03-06,"1억 모으고 알게 된 것 5가지 (평범한 20대 직장인, 사회초년생 재테크, 돈 모으기 노하우)",존예시네요,0.0
2024-03-06,"1억 모으고 알게 된 것 5가지 (평범한 20대 직장인, 사회초년생 재테크, 돈 모으기 노하우)",부모님 집에 살면서 월세 식비만 안써도 1억 모으는거 어렵지 않습니다. 독립하고 싶어도 참고 취업하고 부모님 용돈 조금씩 드리면서 전세비 모으고 독립하세요.,-0.3333333333333333
2024-03-06,"1억 모으고 알게 된 것 5가지 (평범한 20대 직장인, 사회초년생 재테크, 돈 모으기 노하우)",어떤 테슬라채널에선 여자 나이 29에 돈 3천만이 없어서 대출 받아 투자 하던데 대단 합니다.,0.0
2024-03-06,"1억 모으고 알게 된 것 5가지 (평범한 20대 직장인, 사회초년생 재테크, 돈 모으기 노하우)",저도 절반정도 모았습니다! 향후 2년안으로 1억모아보려구요~ 경제적자유를 위해 파이팅~,0.0
2024-03-06,"1억 모으고 알게 된 것 5가지 (평범한 20대 직장인, 사회초년생 재테크, 돈 모으기 노하우)",소뉴 님 사랑합니다.,0.0
2024-03-06,"1억 모으고 알게 된 것 5가지 (평범한 20대 직장인, 사회초년생 재테크, 돈 모으기 노하우)",굿,0.0
2024-03-06,"1억 모으고 알게 된 것 5가지 (평범한 20대 직장인, 사회초년생 재테크, 돈 모으기 노하우)",동갑인데 1억이라니 정말 대단하세요 아마도 많은 노력과 운이 따라주었던 거겠죠? 저는 어직 2천 밖에 못 모았지만 열심히 모아서 대학가는게 꿈이에요,0.0
2024-03-06,"1억 모으고 알게 된 것 5가지 (평범한 20대 직장인, 사회초년생 재테크, 돈 모으기 노하우)",이쁘고 경제관념 갖춘 이런여자랑 결혼했어야함,0.0
2024-03-06,"1억 모으고 알게 된 것 5가지 (평범한 20대 직장인, 사회초년생 재테크, 돈 모으기 노하우)",전 1억 모으는데 거의 10년 걸렸는데 4년만에 모으다니 대단하시네요,0.0
2024-03-06,"1억 모으고 알게 된 것 5가지 (평범한 20대 직장인, 사회초년생 재테크, 돈 모으기 노하우)",영상이 묘하게 빠져드네요ㅋㅋㅋㅋㅋㅋㅋㅋ저는 짠테크 6개월 지속중인데 딱 절반이 모였습니다...! 가끔 서로서로 응원도 해주고 경제관련해서 이야기도 하고픈데 주변에 사람이 없어서ㅠㅠ살짝 외로웠는데 이 영상을 보니까 친구가 앞에서 이야기해주는것 같아서 위로받고 갑니다!!! 다음엔' 10억 모으고 알게 된 것!' 기다릴게요,0.0
2024-03-06,"1억 모으고 알게 된 것 5가지 (평범한 20대 직장인, 사회초년생 재테크, 돈 모으기 노하우)",며느리삼고 싶네요 ㅎㅎ 남친에겐 죄송 ㅎㅎ,0.0
2024-03-06,"1억 모으고 알게 된 것 5가지 (평범한 20대 직장인, 사회초년생 재테크, 돈 모으기 노하우)",부럽다,0.0
2024-03-06,"1억 모으고 알게 된 것 5가지 (평범한 20대 직장인, 사회초년생 재테크, 돈 모으기 노하우)",참  말두 예쁘게! 귀에 쏙쏙! 기승전결ᆢ 좋은영상ᆢ,0.0
2024-03-06,"1억 모으고 알게 된 것 5가지 (평범한 20대 직장인, 사회초년생 재테크, 돈 모으기 노하우)",눈빛부터가 다르구나 앞으로도 승승장구 하십시오 리스펙!!!,0.0
2024-03-06,"1억 모으고 알게 된 것 5가지 (평범한 20대 직장인, 사회초년생 재테크, 돈 모으기 노하우)",얼굴도 이쁘고 똑부러지신게 부러워욥..❤,0.0
2024-03-06,"1억 모으고 알게 된 것 5가지 (평범한 20대 직장인, 사회초년생 재테크, 돈 모으기 노하우)",타임스탬프 굿굿 잘봤습니다 다음 영상도 기다릴게요,0.0
2024-03-06,"1억 모으고 알게 된 것 5가지 (평범한 20대 직장인, 사회초년생 재테크, 돈 모으기 노하우)",1억 모으면 차사야지!하고 버텼는데 정작 모으고나니 1억이 깨지니까 차를 못사게됨ㅋㅋ 아그럼 1억이 안깨질만큼 모으고 사자하고 또 모았는데 이젠 차사고싶은생각이 별로없어지고 이돈을 어떻게 굴려야하나 생각밖에없음. 지금도 주식이나 예금으로 수백씩 이득보는데 이 씨드가 줄어드는게 용납이안됨ㅋㅋ,-0.3333333333333333
2024-03-06,"1억 모으고 알게 된 것 5가지 (평범한 20대 직장인, 사회초년생 재테크, 돈 모으기 노하우)",세이노의 가르침이랑 부자아빠 가난한아빠 책을 읽으면서 뭐가 자산인지 뭐가 부채인지 알게되엇죠. 또 제 마음에 깊이 박힌 명언이  100억부자가 되는데 일론머스크를 이길 필요가 없다. 다들 부자가 될려고 노력하는 사람은 극히 드물다. 평범한 사람들이 시간과 에너지를 쏟을떄 우리는 그 시간과 에너지를 자기개발에 쏟으면 된다. 과소비인지 아닌지를 판단하는 기준은...,0.0
2024-03-06,"1억 모으고 알게 된 것 5가지 (평범한 20대 직장인, 사회초년생 재테크, 돈 모으기 노하우)",잘들었습니다 임시완씨,0.0
2024-03-06,"1억 모으고 알게 된 것 5가지 (평범한 20대 직장인, 사회초년생 재테크, 돈 모으기 노하우)",지금 만 30에 2억 넘게 모았는데 더 정진해서 최대한 빨리 3억 모아야겠습니다!,0.0
2024-03-06,"1억 모으고 알게 된 것 5가지 (평범한 20대 직장인, 사회초년생 재테크, 돈 모으기 노하우)",멋잇네요 얼마나 사고싶은것도 참고 돈쓰고싶은것도 참앗을지!!!,0.0
2024-03-06,"1억 모으고 알게 된 것 5가지 (평범한 20대 직장인, 사회초년생 재테크, 돈 모으기 노하우)",4년 동안 1억 모으기 / 돈을 아껴쓰셨네요,0.0
2024-03-06,"1억 모으고 알게 된 것 5가지 (평범한 20대 직장인, 사회초년생 재테크, 돈 모으기 노하우)",한혜진 닮았네요~,0.0
2024-03-06,"1억 모으고 알게 된 것 5가지 (평범한 20대 직장인, 사회초년생 재테크, 돈 모으기 노하우)",대단하시네요..  4년만에 1억을 모으다니.,0.0
2024-03-06,"1억 모으고 알게 된 것 5가지 (평범한 20대 직장인, 사회초년생 재테크, 돈 모으기 노하우)",공감되면서 귀에 쏙쏙 구독좋아요,0.0
2024-03-06,"1억 모으고 알게 된 것 5가지 (평범한 20대 직장인, 사회초년생 재테크, 돈 모으기 노하우)",구독했어요 앞으로도 이런 콘텐츠 많이 보고싶어요😍,0.0
2024-03-06,"1억 모으고 알게 된 것 5가지 (평범한 20대 직장인, 사회초년생 재테크, 돈 모으기 노하우)","차근차근 말씀해주시고 쏙 쏙 잘 들어와요 ㅎㅎ 구독하고, 응원할게요🎉❤",0.0
2024-03-06,"1억 모으고 알게 된 것 5가지 (평범한 20대 직장인, 사회초년생 재테크, 돈 모으기 노하우)",야무지게 재테크 하고 싶어서 구독 했어용 ̯•̀ )❤❤,0.0
2024-03-06,"1억 모으고 알게 된 것 5가지 (평범한 20대 직장인, 사회초년생 재테크, 돈 모으기 노하우)",잘봤습니다~!^^ 응원합니다😊,0.0
2024-03-06,"1억 모으고 알게 된 것 5가지 (평범한 20대 직장인, 사회초년생 재테크, 돈 모으기 노하우)",젋은나이에 부자가되는 테크를타셨군요! 중요한건 속도가 아니라 방향인것같습니다. 목표하신것 꾸준하게 해 나가신다면 1억보다 2억은 훨씬 더 빨리모이며 자산은 복리로 불어날 것을 확신합니다!,0.0
2024-03-06,"1억 모으고 알게 된 것 5가지 (평범한 20대 직장인, 사회초년생 재테크, 돈 모으기 노하우)",근데 재투자는 어디로 어떻게 하는거에요?,0.0
2024-03-06,"1억 모으고 알게 된 것 5가지 (평범한 20대 직장인, 사회초년생 재테크, 돈 모으기 노하우)",외모도 아름다우신데 생각도 명석하시고 말투도 차분하고 예쁘세요! 나이는 저보다 두살 젊으시지만 배울점이 참 많은 분 같다고 느껴져요😊 바로 구독 땅땅!❤ 1억 꼭 만들어내겠습니다!❤ 좋은 영향 주셔서 감사합니다,0.0
2024-03-06,"1억 모으고 알게 된 것 5가지 (평범한 20대 직장인, 사회초년생 재테크, 돈 모으기 노하우)",저도 비슷한 느낌으로 현재 30살이며 아낄거 아끼고 안쓸거 안쓰고 투잡 쓰리잡 뛰며 열심히 모은결과 19300만원 모았는데 돈이 모이면서 자존감도 올라가고 더 해야겠다는 목표가 생기면서 인생계획을 하게되고 긍정적인 부분이 많이 보이는거 같아여 유투버님도 마인드가 너무 좋으신 영상 같아 보기 좋네여 올해도 같이 화이팅 입니다,0.0
2023-10-22,돈 모으고 싶은 20대가 하는 재테크 #나이대별반응,80층에 사람있어요래ㅋㅋㅋㅋㅋㅋㅋㅋㅋㅋㅋㅋㅋㅋㅋㅋㅋㅋㅋㅋㅋㅋㅋㅋㅋㅋㅋㅋㅋㅋㅋㅋㅋㅋㅋㅋㅋㅋㅋㅋ,0.0
2023-10-22,돈 모으고 싶은 20대가 하는 재테크 #나이대별반응,30+는 종목도 삼전이란 걸 알 수 있다는게 개웃김ㅈㄷㄷ,0.0
2023-10-22,돈 모으고 싶은 20대가 하는 재테크 #나이대별반응,20대 초반은 애기 맞다 재테크 그런거 안해도 된다 즐겨라 젊음을,0.0
2023-10-22,돈 모으고 싶은 20대가 하는 재테크 #나이대별반응,지금 100층 넘었는데...탈출하셨을라나 ㅋㅋㅋ,0.0
2023-10-22,돈 모으고 싶은 20대가 하는 재테크 #나이대별반응,재테크는 취업하고 진짜 자기돈이 수중에 들어올때 하는게 적당함 용돈 받아서 할 수도 있지만 투자같은 경우는 자기 돈으로 해서 손해도 보고 이득도 봐야 크게 배울 수 있다고 생각합니다,-0.3333333333333333
2023-10-22,돈 모으고 싶은 20대가 하는 재테크 #나이대별반응,청약계좌가 어떻게 두개지요..,0.0
2023-10-22,돈 모으고 싶은 20대가 하는 재테크 #나이대별반응,24살 두번째 너무 귀엽다ㅋㅋㅋ,0.0
2023-10-22,돈 모으고 싶은 20대가 하는 재테크 #나이대별반응,연금계좌로 받는 절세는 중도해지시 다시 토해낼수있으니 주의,0.0
2023-10-22,돈 모으고 싶은 20대가 하는 재테크 #나이대별반응,저도 불과 몇 달 전까지 80층에 있었어요...ㅠㅠㅠㅠㅠㅠㅠ (같이 ) 살려주세요!!🙏🙏🙏🙏,0.0
2023-10-22,돈 모으고 싶은 20대가 하는 재테크 #나이대별반응,80층 ㅋㅋㅋㅋㅋ고충오지네,0.0
2023-10-22,돈 모으고 싶은 20대가 하는 재테크 #나이대별반응,애기 진짜 예쁘다,0.0
2023-10-22,돈 모으고 싶은 20대가 하는 재테크 #나이대별반응,이제14층입니다ㅋㅋㅋ,0.0
2023-10-22,돈 모으고 싶은 20대가 하는 재테크 #나이대별반응,청약을 두개나 드는 이유가 있는지..??,0.0
2023-10-22,돈 모으고 싶은 20대가 하는 재테크 #나이대별반응,"벌써부터 연금 준비 하신다니 멋있으시네요!  하나의 꿀팁이라면, IRP나 연금저축펀드같은 상품들은 세액공제 혜택이 있으나 연금 수령시 과세가 되어 젊을 때는 연금보험과 같은 5년납입 10년 유지 시 받을 수 있는 비과세 수령 연금 준비 하는 것이 더 매력적이지 않을까 말씀드려봅니다!  연금 계좌를 통해 돈 많이 많이 불려 모두 평안한 노후 보내시길 진심으로...",0.3333333333333333
2023-10-22,돈 모으고 싶은 20대가 하는 재테크 #나이대별반응,저랑 같이 토스 하실래요?,0.0
2023-10-22,돈 모으고 싶은 20대가 하는 재테크 #나이대별반응,20대가 애기래 ㅋㅋㅋㅋㅋㅋ나도 20대지만 왤래 갑자기 성인되고 변화하는거야 그리고 그 마인드면 암것도못함,0.0
2023-10-22,돈 모으고 싶은 20대가 하는 재테크 #나이대별반응,80층 행복하세요~,0.3333333333333333
2023-10-22,돈 모으고 싶은 20대가 하는 재테크 #나이대별반응,청약 2개가 가능함?,0.0
2023-10-22,돈 모으고 싶은 20대가 하는 재테크 #나이대별반응,이걸 90층을 찍네.....,0.0
2023-10-22,돈 모으고 싶은 20대가 하는 재테크 #나이대별반응,바보도 있네요! 청약은 하나만!,0.0
2023-10-22,돈 모으고 싶은 20대가 하는 재테크 #나이대별반응,재테크 초보면 소득이나 수익률 상승보다 지출 줄이기가 훨씬 쉽고 간단함 지출부터 먼저 손보고 차차 부업이나 투잡 수익률 늘리기 등 맞는거 찾아서 하면 됨,0.0
2023-10-22,돈 모으고 싶은 20대가 하는 재테크 #나이대별반응,지금까지 있었음 먹긴했겠네 ㅋㅋㅋㅋ,0.0
2023-10-22,돈 모으고 싶은 20대가 하는 재테크 #나이대별반응,확실히 취업해야 돈 굴릴 생각이 드나보네,0.0
2023-10-22,돈 모으고 싶은 20대가 하는 재테크 #나이대별반응,tqqq 매일 만원씩 넣으세요~~,0.0
2023-10-22,돈 모으고 싶은 20대가 하는 재테크 #나이대별반응,26 똑똑이 ㅋㅋㅋ,0.0
2023-10-22,돈 모으고 싶은 20대가 하는 재테크 #나이대별반응,자본주의에살면 자본주의의본질을 먼저 깨우쳐야함...,0.0
2023-10-22,돈 모으고 싶은 20대가 하는 재테크 #나이대별반응,역시 마지막분 텐션 너무 친구되고싶어ㅋㅋ,0.0
2023-10-22,돈 모으고 싶은 20대가 하는 재테크 #나이대별반응,사람이 있어요 ㅠㅠㅠ,0.0
2023-10-22,돈 모으고 싶은 20대가 하는 재테크 #나이대별반응,80층 다시 와버리네,0.0
2023-10-22,돈 모으고 싶은 20대가 하는 재테크 #나이대별반응,21살 뭔가 헬퀸닮음,0.0
2023-10-22,돈 모으고 싶은 20대가 하는 재테크 #나이대별반응,15살인데 충격이다,0.0
2023-10-22,돈 모으고 싶은 20대가 하는 재테크 #나이대별반응,26여성분이 가장 큰 부자가 되시겠네요,0.0
2023-10-22,돈 모으고 싶은 20대가 하는 재테크 #나이대별반응,30분 축하..,0.0
2023-10-22,돈 모으고 싶은 20대가 하는 재테크 #나이대별반응,80층이면 얼른 평단가 낮추십쇼…,0.0
2023-10-22,돈 모으고 싶은 20대가 하는 재테크 #나이대별반응,21살인데 마인드는 30살... ㅋㅋ 전역하고 군적금 모은걸로 놀러다니는데 안쓰고 미국 주식이랑 etf에 다 박음 ㅋㅋㅋ 솔직히 20초에는 주식 안하고 그냥 적금만 해도 상위 1%긴 함 ㅋㅋㅋ 다 놀러다니는데 쓰기 바쁘지,0.0
2023-10-22,돈 모으고 싶은 20대가 하는 재테크 #나이대별반응,청년내일이랑 주택청약밖에 없졍 ㅠ,0.0
2023-10-22,돈 모으고 싶은 20대가 하는 재테크 #나이대별반응,비트코인 선물,0.0
2023-10-22,돈 모으고 싶은 20대가 하는 재테크 #나이대별반응,21살 개귀엽네 ❤❤❤❤,0.0
2023-10-22,돈 모으고 싶은 20대가 하는 재테크 #나이대별반응,구조대 출발합니다!,0.0
2023-10-22,돈 모으고 싶은 20대가 하는 재테크 #나이대별반응,26살 여자분이 뭔가를 아시네.   저런 현명한 여자를 만나야 함,0.0
2023-10-22,돈 모으고 싶은 20대가 하는 재테크 #나이대별반응,21살 달에 splg랑 코카콜라 적립입양중 qqqm고민중인데 지금 적립식으로면 넣어도되겟죠?,0.3333333333333333
2023-10-22,돈 모으고 싶은 20대가 하는 재테크 #나이대별반응,29살 청약은 인당 1개인데 어떻게 2개를 든단거지?,0.0
2023-10-22,돈 모으고 싶은 20대가 하는 재테크 #나이대별반응,20대 초반 심각하다,0.0
2023-10-22,돈 모으고 싶은 20대가 하는 재테크 #나이대별반응,적금달에 100만 해도 뭐 잘하는거지 ㅋㅋㅋ 금테크가 주식 어려운사람함테 조은듯,0.0
2023-10-22,돈 모으고 싶은 20대가 하는 재테크 #나이대별반응,ㅋㅋㅋㅋ 마지막 😂,0.0
2023-10-22,돈 모으고 싶은 20대가 하는 재테크 #나이대별반응,20초반인데 주변에 주식전파중 ㅋㅋ,0.0
2023-10-22,돈 모으고 싶은 20대가 하는 재테크 #나이대별반응,저분이 21이라고? 동갑인데 나이 훨씬 많아보이는데??,0.0
2023-10-22,돈 모으고 싶은 20대가 하는 재테크 #나이대별반응,여자들이 전부 미인이네,0.0
2023-10-22,돈 모으고 싶은 20대가 하는 재테크 #나이대별반응,2018년글인데 날짜는 왜 자른거지 ㅋㅋ 근데 나만 ㅎㄱ라고 생각한건가 진짜 굳이…싶다,0.0
2023-10-22,돈 모으고 싶은 20대가 하는 재테크 #나이대별반응,20대 초 왈 : 급등주 타다가 -50% 전재산 날렸어요~! 비트코인 레버리지 x 50 배 하다가 청산당했어요 (*) ~ (*) !!,0.0
2023-08-27,멍청한걸까 삶을 포기한걸까 (20대 소비학개론),마지막 멘트들은 진짜 뼈때리는 말이네요...  심장 관통 당했습니다. 반성하고 살겠습니다 감사합니다,0.0
2023-08-27,멍청한걸까 삶을 포기한걸까 (20대 소비학개론),그런 사람들이 있어야 경제가 돌아가긴해요 차피 말해줘봐야 벌어지지 않은 일에 불안을 느끼지도 않아요 비슷한 사람들끼리 모여사는게 편하죠 그냥..😅,0.0
2023-08-27,멍청한걸까 삶을 포기한걸까 (20대 소비학개론),이렇게 똑똑한 20대는 처음보네,0.0
2023-08-27,멍청한걸까 삶을 포기한걸까 (20대 소비학개론),당연한게 당연하지 않은 사회  상식과 비상식의 사회,0.0
2023-08-27,멍청한걸까 삶을 포기한걸까 (20대 소비학개론),다공감되는데 배달음식진짜..... 건강도안좋아지고 거침없이 시키는게 너무신기함.... 일자리에 문제가생기면 대출을 받아야할만큼 대비가안되있는 사람들도 많다는것도 정말 놀랬음...... 패기가있어서 청춘인건지 무모한건지..,0.0
2023-08-27,멍청한걸까 삶을 포기한걸까 (20대 소비학개론),동기부여가 되서 좋네요 좋은 말 감사합니다 😁,0.0
2023-08-27,멍청한걸까 삶을 포기한걸까 (20대 소비학개론),그래. 니 맘대로 살아도 되는데  남 탓 사회 탓  하지마  이 말 인정.,0.0
2023-08-27,멍청한걸까 삶을 포기한걸까 (20대 소비학개론),내가볼땐 자기한테 투자하는건 괜찮음 운동과 외모관리나 공부등등,0.0
2023-08-27,멍청한걸까 삶을 포기한걸까 (20대 소비학개론),막사는건 상관없는데 나중에 세금으로 지원타먹지나 말았으면,0.0
2023-08-27,멍청한걸까 삶을 포기한걸까 (20대 소비학개론),어렸을때 부모들이 국영수만 가르쳤지 경제공부는 하나도 안시켰으니까요!,0.0
2023-08-27,멍청한걸까 삶을 포기한걸까 (20대 소비학개론),알고리즘이 이걸 살려냈군요. 감사합니다.,0.0
2023-08-27,멍청한걸까 삶을 포기한걸까 (20대 소비학개론),와!!젊은 나이에 이런 속깊은생각을 하다니 존경합니다 모든말이 다 맞아요,0.0
2023-08-27,멍청한걸까 삶을 포기한걸까 (20대 소비학개론),와 같은 나이임에도 이렇게 자신의 느낌과 생각을 영상으로 만들 수 있는 자신감과 패기의 정말 대단하는 생각이 듭니다. 뭔가 과소비를 하고 싶어서 소비를 합리화하려고 나의 의견과 맞는 영상이나 글을 찾던 도중 조금 더 절제 해야겠다는 생각이 들게 해주네요 . 멋있습니다 !!,0.0
2023-08-27,멍청한걸까 삶을 포기한걸까 (20대 소비학개론),너무 잘 봤어요. 본인의 지출의 자각에도 좋은 영상이었어요. 단지 물가가 높아서 지출이 좀 높을거라 생각했는데.... 반성,0.0
2023-08-27,멍청한걸까 삶을 포기한걸까 (20대 소비학개론),저렇게 돈 쓰는 사람 넷상에서만 봤지 주변에는 없는거 같아요 끼리끼리라 안 보이는건가😂,0.0
2023-08-27,멍청한걸까 삶을 포기한걸까 (20대 소비학개론),소비중독된 남녀들 나중에 거지되서 나라에 도움달라고 할 사람들이 너무 많을것 같아서 이민 준비중입니다. 현재 만 28살 3억 모음. 미래의 유튜브 컨텐츠 대다수가 거지 동정유발 브이로그일듯...,0.0
2023-08-27,멍청한걸까 삶을 포기한걸까 (20대 소비학개론),참 건실한 청년이군요,0.0
2023-08-27,멍청한걸까 삶을 포기한걸까 (20대 소비학개론),지나가다가 알고리즘 떠서 우연히 보게 됐는데 님은 엄청 큰 부자는 아니어도 잘 사실것 같네요 인물도 좋으신데 정신도 좋으시네용,0.0
2023-08-27,멍청한걸까 삶을 포기한걸까 (20대 소비학개론),"괜찮아 언제 이렇게 살아보겠어, 취업하고 1년 정도 신나게 놀고, 그 뒤에 돈 모아",0.0
2023-08-27,멍청한걸까 삶을 포기한걸까 (20대 소비학개론),그러다가 개인파산or회생한다,0.0
2023-08-27,멍청한걸까 삶을 포기한걸까 (20대 소비학개론),요즘 20대뿐이 아니라 나때도 우리형때도  언제나 20대는 그래왔음...  열심히 공부해서 대학가고 남자면 군대도 가면 얼추 20대중반이고 20대후반에 사회초년생인데 용돈타다 월급받으면 첨엔 다 자기돈이라 생각하고 사먹고 쓰고 뭐 그런거지.  그러다 30대되고 후회할 사람들은 정신차리고 아니면 그냥저냥 사는 사람들이 대부분이야...  뭐 언제는 안그랬냔듯이...,-0.3333333333333333
2023-08-27,멍청한걸까 삶을 포기한걸까 (20대 소비학개론),언제 갈지 모를 인생 적당히 쓰면서 누리고 적당히 저축하면서 사는게 정답인걸 알면서도 뭐든지 적당히가 어렵다,-0.3333333333333333
2023-08-27,멍청한걸까 삶을 포기한걸까 (20대 소비학개론),이렇게 백날 얘기해봤자. 거지가 되서 한강에 뛰어들기전에 아 내가 잘못살았구나 하고 깨달음. 제가 39살인데 주변에 500이상 버는친구들중에서도 100만원도 저축못하는 싱글 친구들도 있습니다. 안타깝죠.,0.0
2023-08-27,멍청한걸까 삶을 포기한걸까 (20대 소비학개론),월급 270벌이에 자취해도 중기청 +청내공 버프 있으면 월급 60~70%저축 가능합니다!!!,0.0
2023-08-27,멍청한걸까 삶을 포기한걸까 (20대 소비학개론),난 여행이나 바프에 관심없는대신 먹는건 포기못해서 맨날 배달음식 시켜먹고 그랬는데 ㅋㅋ 그래도 20대인 지금 자산 1.2억은 됨. 다 줄일필요 없이 내가 절충할 수있는것과 어느정도는 용인할 수 있는 소비를 구분해서 잘 쓰면됨. 그리고 재테크는 필수,0.0
2023-08-27,멍청한걸까 삶을 포기한걸까 (20대 소비학개론),정신머리가 정말 올바로 박힌 개념 있는 분이신것 같습니다 멋있습니다. 어찌 22살밖에 안되신분이.... 굿굿 멋있어요,0.0
2023-08-27,멍청한걸까 삶을 포기한걸까 (20대 소비학개론),한달에 용돈 10만원 받는 25살 취준생입니다. 사실 정말 부끄럽게도 경제 관념이 하나도 없어서.. 뭘 어떻게 해야할 지 모르겠네요. 사실 저도 스트레스를 핑계로 배달 음식을 몇 번 사먹기도 했어요..😢,0.0
2023-08-27,멍청한걸까 삶을 포기한걸까 (20대 소비학개론),자기가 만족한다고 하면 할 말은 없다만 말씀하신것 처럼 현재의 쾌락을 위해 미래의 나에게 투자할 돈을 써버린다면 나이 들었을 때의 자신의 모습은 얼마나 초라할까... 나이가 들고 돈 조차 없다면 인간은 한없이 작아집니다. 더 이상 내세울게 없거든요 외모도 직장도 몸매조차.. 결국엔 자신의 인생을 증명 할 수 있는게  지금까지 자신이 벌어 놓은 돈 입니다.....,0.3333333333333333
2023-08-27,멍청한걸까 삶을 포기한걸까 (20대 소비학개론),"저기에 사소하게 미용실 비용,보험, 어플 월 구독료, 관리비? (전기,수도)  등등  합치면 돈이 남을수가 있나",0.0
2023-08-27,멍청한걸까 삶을 포기한걸까 (20대 소비학개론),20대 초반부터 중반까지 게임+알바로 월 400좀더 벌때 한창 요리에 관심이 많아서 파인다이닝도 가고 한끼 3~40만원도 태워봤음. 당시 본가에서 통학하던 때라 교통비 10만원 + 커피같이 쓰지않아도 되지만 쓰게되는 돈 2~30을 제외한 나머지 340~350만원은 저축할 수 있었지만 하지 않고 다 씀 한달 식비 200도 넘게써봤고 20후반 취직한 지금 30...,0.0
2023-08-27,멍청한걸까 삶을 포기한걸까 (20대 소비학개론),딱 제가 받는 월급 급여로군요....부모님 집에 얹혀산다는 최고의 혜택을 받고 있지만 급여 받자마자 150씩 저축을 합니다. IRP에도 금액을 넣구요. 몸 멀쩡하고 부모님집에 머무를수 있는 시간동안 최대한 압축해 돈을 넣고있네요. ㅎㅎ,0.3333333333333333
2023-08-27,멍청한걸까 삶을 포기한걸까 (20대 소비학개론),항상 얘기하지만 이번달 지출이 다음달이 된다고 달라지지 않는다.,0.0
2023-08-27,멍청한걸까 삶을 포기한걸까 (20대 소비학개론),20대인데 10가지 중에 해당되는 과소비는 없네요! 그래도 앞으로도 항상 경각심을 가지고 돈 관리를 잘 해야겠다고 생각했어요. 영상 잘 보고 갑니다~,0.0
2023-08-27,멍청한걸까 삶을 포기한걸까 (20대 소비학개론),그런 사람들이 있어야 경제가 돌아가죠~~ㅋㅋㅋ,0.0
2023-08-27,멍청한걸까 삶을 포기한걸까 (20대 소비학개론),"40대입니다. 청춘에 충분히 놀수 있습니다. 그런데 미래도 대비하시면 좋겠습니다. 행복은 나눌수 있지만 불행은(특히 경제적 불행) 개개인을 철저히 고립시킵니다. 긴병에 효자없는 이유, 이혼하는 이유, 가족갈등이 빈번한 이유의 근원은 경제적 요인인 경우가 상당수입니다...",0.3333333333333333
2023-08-27,멍청한걸까 삶을 포기한걸까 (20대 소비학개론),살면서 한 번에 50만원 이상 써본게 군 복무중 맞은 아버지 생신선물로 아버지께 50만원 송금한게 처음이었는데 ㅋㅋㅋㅋ,0.0
2023-08-27,멍청한걸까 삶을 포기한걸까 (20대 소비학개론),"저도 20대 초반인데....참 내가 번돈인데 참견하지말아라 이러는애들 보면 정말 철 없어보입니다 저래 쓰면 99% 확률로 부모님한테 용돈은 절대 안준다는건데... 참 그냥 한심하다는 생각밖에 안들어용  뭐 피드백해주겠다는데도 그런애들은 거두절미하고 그냥 자기인생 자기가 말아먹겠다는데 어쩌겠습니까.. 그냥 그런애들은 거지되도록 놨두고 저희끼리나 열심히 ...",0.0
2023-08-27,멍청한걸까 삶을 포기한걸까 (20대 소비학개론),피티하는데 225중 130 적금 합니다. 별로 피티 안아까움,-0.3333333333333333
2023-08-27,멍청한걸까 삶을 포기한걸까 (20대 소비학개론),본인이 월급350벌면 이정도 소비도 가능하지만 월급230이면 사대보험띠면210입니다. 210받으면서 이런 과소비 하면 폭망입니다,0.0
2023-08-27,멍청한걸까 삶을 포기한걸까 (20대 소비학개론),ㅋㅋ 영상 제목 조온나 웃기네,0.0
2023-08-27,멍청한걸까 삶을 포기한걸까 (20대 소비학개론),근데 좀 쓰게해라 ㅋㅋ 누군가는써야 경제돌아가지,0.0
2023-08-27,멍청한걸까 삶을 포기한걸까 (20대 소비학개론),평균 161만원 소비 라더만 kbs 보면,0.0
2023-08-27,멍청한걸까 삶을 포기한걸까 (20대 소비학개론),"정말 똘똘한 친구네요. 😂 근데, 해외여행은 정말 강추입니다. 용돈모아서 넓은 세상과 사람들을 만나보는게 본인의 가치관이나 성격이 많이 개선될수 있어요.  그나이대에 맞는 경험이 있다고 생각합니다. 나이들면 힘들어서 못가요. 유럽은 정말 힘들거든요😂",0.0
2023-08-27,멍청한걸까 삶을 포기한걸까 (20대 소비학개론),남들이 하는거 다 따라할 필요가 없다 깨어나라 !! 청춘들아 !!! 기업과 마케팅의 노예가 되지 말자,0.0
2023-08-27,멍청한걸까 삶을 포기한걸까 (20대 소비학개론),나중에 나라에 기대지만 말아라~~~~ 혼자 가든가,0.0
2023-08-27,멍청한걸까 삶을 포기한걸까 (20대 소비학개론),"자취하다 보면 돈 아끼기 더 힘든 거 같아요. 전세 이자, 핸드폰 요금, 가스비, 전기비, 회사에서 점심 제공은 안하니 도시락 싸는데 얼마나 더 싸고 효율적으로 먹을 수 있을지 고민해도 경조사로 돈이 또 빠져나가거나 몸이 아프거나 하면 진짜 너무 서럽더라도요 ㅋㅋ ㅠㅠ  돈 많은 부자 친구는 저축하는데 저보다 훨 많이 저축하고 그래서 가끔씩 현타오고 이렇게...",0.0
2023-08-27,멍청한걸까 삶을 포기한걸까 (20대 소비학개론),글쌔... 지금 생각해보면 돈도 좋지만 좀 놀았으면 좋을것 같은데...,0.0
2023-08-27,멍청한걸까 삶을 포기한걸까 (20대 소비학개론),20대라기보단  그냥한국여자특인데ㅎ,0.0
2023-08-27,멍청한걸까 삶을 포기한걸까 (20대 소비학개론),돈과 절약의 소중함을 가르치지 않은 그들 부모의 책임이라 봅니다.,0.0
2023-08-27,멍청한걸까 삶을 포기한걸까 (20대 소비학개론),이걸 내가 10년전에 봤더라면 ..😢,0.0
2023-03-13,"3년 만에 1억 모으고 후회한 사실 I 💵 20대 사회초년생 필수 시청, 저축, 재테크, 직장인, 월급, 돈 모으는 법, 책 추천",1억을 모아본 사람들이 10억을 모을 수 있고 그 이상을 모을 수 있음.. 40대 중반 5억이상 현금을 모았지만 처음 1억모을때가 가장 힘들었음,0.0
2023-03-13,"3년 만에 1억 모으고 후회한 사실 I 💵 20대 사회초년생 필수 시청, 저축, 재테크, 직장인, 월급, 돈 모으는 법, 책 추천",이제 3천만원 모은 시점에서 1억이라는 돈이 얼마나 큰 돈 이라는 걸 크게 느끼고 있습니다 1억 모우신 분들 정말 대단하십니다 뭘 하셔도 하실거 같아요 응원 합니다,0.0
2023-03-13,"3년 만에 1억 모으고 후회한 사실 I 💵 20대 사회초년생 필수 시청, 저축, 재테크, 직장인, 월급, 돈 모으는 법, 책 추천",부자들이 1억을 모으라는건 단순히 시드머니를 모으라는 뜻은 아닙니다. 1억을 모아가는 과정속에 스스로 부자가 되는 방법을 터득 하게 되기 때문에 일단 1억부터 모으라고 그러는거죠. 이제 1년에 1억을 모아야겟다 그리고 그러기 위해서 월 천만원을 벌어야겠다. 그러기 위해 다양한 파이프 라인을 만들어야겠다. 이런것을 깨달은 것 자체가 1억을 모으는것보다 더 값...,0.0
2023-03-13,"3년 만에 1억 모으고 후회한 사실 I 💵 20대 사회초년생 필수 시청, 저축, 재테크, 직장인, 월급, 돈 모으는 법, 책 추천",정말 저도 10여년간 사업 하면서 벌었던거 다 잃어 보니 목돈 반드시 필요 합니다. 대단하시네요,0.0
2023-03-13,"3년 만에 1억 모으고 후회한 사실 I 💵 20대 사회초년생 필수 시청, 저축, 재테크, 직장인, 월급, 돈 모으는 법, 책 추천",절약 하려면 통신비부터 아끼는게 맞다봄. 3사 쓰지말고 알뜰폰 제일 싼곳 찾아서 쓰셈. 3배는 싼데 사용량 똑같음. 저는 시월모바일 선택함.갠적으로 여기가 혜택도 좋고 제일 쌈,0.0
2023-03-13,"3년 만에 1억 모으고 후회한 사실 I 💵 20대 사회초년생 필수 시청, 저축, 재테크, 직장인, 월급, 돈 모으는 법, 책 추천",엄청난 일을 해 냈군요 이제 30년만에 부자가 될 기회가 왔으니  그 시드 머니를 적절하게 잘 사용하시면  진짜 큰 돈을 모을 수 있을 것 같아요,0.0
2023-03-13,"3년 만에 1억 모으고 후회한 사실 I 💵 20대 사회초년생 필수 시청, 저축, 재테크, 직장인, 월급, 돈 모으는 법, 책 추천",저도 요즘 똑같은 고민하고 있는 사회 초년생으로서 너무 공감하는 말이에요. 앞으로 어떻게 살아갈지 막막한 와중에 그래도 힘이 되는 영상이네요!!,0.0
2023-03-13,"3년 만에 1억 모으고 후회한 사실 I 💵 20대 사회초년생 필수 시청, 저축, 재테크, 직장인, 월급, 돈 모으는 법, 책 추천",좋은 의견 잘들었습니다👍,0.0
2023-03-13,"3년 만에 1억 모으고 후회한 사실 I 💵 20대 사회초년생 필수 시청, 저축, 재테크, 직장인, 월급, 돈 모으는 법, 책 추천","저와 추구하는 방식이 비슷하시네요. 저도 몇년에 걸쳐 일억을 모으기 보단, 연 일억, 월 일억을 스스로 버는 사람이 되어야겠다고 생각했습니다. 그리고 궁극적인 목표도 디지털 노마드로 언제나 내가 원하는 곳에서 원하는 시간에 일하는 것이고요. 더 재정상황이 탄탄해지면 일을 하지않고 원하는 것만 하며 살고 싶습니다. 함께 그 목표를 달성하면 좋겠네요. 구독하고...",0.0
2023-03-13,"3년 만에 1억 모으고 후회한 사실 I 💵 20대 사회초년생 필수 시청, 저축, 재테크, 직장인, 월급, 돈 모으는 법, 책 추천",젊으신 분이 똑 소리 나네요 구독 하고 가요 ㅎ,0.0
2023-03-13,"3년 만에 1억 모으고 후회한 사실 I 💵 20대 사회초년생 필수 시청, 저축, 재테크, 직장인, 월급, 돈 모으는 법, 책 추천",후회 하고 안하시고를 떠나서 현실이 궁핍하지는 않으 실거같습니다. 말에 공감이 많이 되네요,-0.3333333333333333
2023-03-13,"3년 만에 1억 모으고 후회한 사실 I 💵 20대 사회초년생 필수 시청, 저축, 재테크, 직장인, 월급, 돈 모으는 법, 책 추천",결국 월 수입을 늘리라는 말씀이시네요 ㅋㅋ,0.0
2023-03-13,"3년 만에 1억 모으고 후회한 사실 I 💵 20대 사회초년생 필수 시청, 저축, 재테크, 직장인, 월급, 돈 모으는 법, 책 추천",난 십년에 1억모으기도 힘들것같은데 ㅜㅜ 아 슬프다,0.0
2023-03-13,"3년 만에 1억 모으고 후회한 사실 I 💵 20대 사회초년생 필수 시청, 저축, 재테크, 직장인, 월급, 돈 모으는 법, 책 추천",이분 말이 맞음. 저도 처음에는 1억 언제 모아 했는데 또 모으려고 작정하면 지겹지만 모아짐. 한국 젊은 분들 자꾸 10억 모아도 집 한채 겨우 산다고 돈 안모은다고 하시는데 한국분들이 간과하는게 한국은 고소득 국가임. 유럽이나 미국 은퇴자들도 100만불 정도 모으면 여기저기 놀러 다니면서 말년을 편안히 보냄. 한국분들이 13억 정도 모으면 한국에서 굳이 ...,0.0
2023-03-13,"3년 만에 1억 모으고 후회한 사실 I 💵 20대 사회초년생 필수 시청, 저축, 재테크, 직장인, 월급, 돈 모으는 법, 책 추천",1억이라니 대단하세요^^ 재테크 채널 망튜브도 배워갈게요^^,0.0
2023-03-13,"3년 만에 1억 모으고 후회한 사실 I 💵 20대 사회초년생 필수 시청, 저축, 재테크, 직장인, 월급, 돈 모으는 법, 책 추천",와 그걸 20대에 깨달았으면.. 부럽네요.,0.0
2023-03-13,"3년 만에 1억 모으고 후회한 사실 I 💵 20대 사회초년생 필수 시청, 저축, 재테크, 직장인, 월급, 돈 모으는 법, 책 추천",저도 1년에 1억씩 모으고 있는데 진짜 1억 생기면 돈 불어나는 속도가 넘사벽,0.0
2023-03-13,"3년 만에 1억 모으고 후회한 사실 I 💵 20대 사회초년생 필수 시청, 저축, 재테크, 직장인, 월급, 돈 모으는 법, 책 추천","좋은 정보를 이렇게 정리해주셔서 감사합니다! 저도 막막한 하루하루를 보내는 중인데, 너무너무 도움 되었어요! 제 주변에는 20대는 무조건 여행이지! 라는 사람들이 많지만 저는 현실적으로 안정감을 더 추구해서 부럽기도 하면서 나는 뭘 하고 있는거지 라는 생각이 들더라구요. 1억 달성하신거 축하드리고, 오늘도 좋은 하루 보내세요 ☺️",0.0
2023-03-13,"3년 만에 1억 모으고 후회한 사실 I 💵 20대 사회초년생 필수 시청, 저축, 재테크, 직장인, 월급, 돈 모으는 법, 책 추천",꼭 성공해서 자랑하러 올게요 !,0.3333333333333333
2023-03-13,"3년 만에 1억 모으고 후회한 사실 I 💵 20대 사회초년생 필수 시청, 저축, 재테크, 직장인, 월급, 돈 모으는 법, 책 추천",저도 스무살인데 지금 부터 1억 모으려고 했는데 영상보고 제가 생각 못한 부분을 알려 주셔서 감사합니다.,0.0
2023-03-13,"3년 만에 1억 모으고 후회한 사실 I 💵 20대 사회초년생 필수 시청, 저축, 재테크, 직장인, 월급, 돈 모으는 법, 책 추천",멋있어요!!!!,0.0
2023-03-13,"3년 만에 1억 모으고 후회한 사실 I 💵 20대 사회초년생 필수 시청, 저축, 재테크, 직장인, 월급, 돈 모으는 법, 책 추천",🙏🏻,0.0
2023-03-13,"3년 만에 1억 모으고 후회한 사실 I 💵 20대 사회초년생 필수 시청, 저축, 재테크, 직장인, 월급, 돈 모으는 법, 책 추천",3년만에 1억을 모았는데 후회한다는거 자체가 기만입니다 일단..ㅜㅠ,-0.3333333333333333
2023-03-13,"3년 만에 1억 모으고 후회한 사실 I 💵 20대 사회초년생 필수 시청, 저축, 재테크, 직장인, 월급, 돈 모으는 법, 책 추천",엑셀파일 잘 참고하겠습니다. ^^ 저도 정리하는거 좋아해요.ㅎㅎ 저는 이제 40 바라보고 있구요. 돌아보니 예적금할때가 가장 행복했네요. 주식등으로 아직도 크게 마이너스네요. 1억으로 쑥쑥 불려서 더 크게 부자되세요~,0.3333333333333333
2023-03-13,"3년 만에 1억 모으고 후회한 사실 I 💵 20대 사회초년생 필수 시청, 저축, 재테크, 직장인, 월급, 돈 모으는 법, 책 추천",서론을 줄이고 편집을 조금 컴팩트하게 하는게 좋을같아요. 빨리감기가 오히려 집중을 깸..,0.0
2023-03-13,"3년 만에 1억 모으고 후회한 사실 I 💵 20대 사회초년생 필수 시청, 저축, 재테크, 직장인, 월급, 돈 모으는 법, 책 추천",당연한 소리지만 말씀하신대로 cash flow나 수익을 회사가 주는 월급보단 내가 제어할 수 있는 근로소득에서 만드는게 중요합니다. 언젠가부터 부작용이지만 회사 일에 열정이 식더라구요ㅋ 저도 검소하게 사는편이지만 대단하시네요 화이팅입니다,0.0
2023-03-13,"3년 만에 1억 모으고 후회한 사실 I 💵 20대 사회초년생 필수 시청, 저축, 재테크, 직장인, 월급, 돈 모으는 법, 책 추천","영상 후반부에서 밝힌 근로소득 + 저축조합이 ""안전하다""라는 인식을 깨는게 중요한것 같습니다. 투자나 사업을 전혀 하지 않는것이 오히려 위험하다는 생각을 해볼 필요가 있어요. 인사이트 감사합니다.",0.0
2023-03-13,"3년 만에 1억 모으고 후회한 사실 I 💵 20대 사회초년생 필수 시청, 저축, 재테크, 직장인, 월급, 돈 모으는 법, 책 추천",근데 참이게 웃픈게.. 나중에 결혼할쯤되면 부를사람도없고 만날사람도몇없음.. 사람은 항상 얻는게 있으면  잃는것도 존재합니다. 무조건 돈만 모은다고 될수있고 할수있는것또한 많이 있는건 아닙니다. 저축을 오랫동안 꾸준히했다는거에 대단함을 느낍니다. 항상 좋은일만 가득하시길,0.0
2023-03-13,"3년 만에 1억 모으고 후회한 사실 I 💵 20대 사회초년생 필수 시청, 저축, 재테크, 직장인, 월급, 돈 모으는 법, 책 추천","똑똑하고 야무지신것 같아요. 원하는목표 이루실것이 훤히 보입니다. 조금 살고보니, 어느정도 원하는 걸 이루고보니 강하게 염원 혹은 계획한건 모두 이루어져 있더라고요.",0.0
2023-03-13,"3년 만에 1억 모으고 후회한 사실 I 💵 20대 사회초년생 필수 시청, 저축, 재테크, 직장인, 월급, 돈 모으는 법, 책 추천",처음 1억이 어렵습니다 처음 저축시작시에 3년만에 1억모았는데 진짜 소비가 없어야가능해요.. 이후에는 1억을 예금넣으면 달마다 예금이자가 나와요 이것으로 용돈하면서 다시 거의 월급전액을 저축해요 2회차 3회차가되면 3억이넘구요 이때부터 예금이자도 꽤됩니다 올해말에는 예금이자가 폭등하여 예금이자까지해서 지금은 월급을 훨씬 초월하여 저축중입니다 거의 연봉 전액...,-0.3333333333333333
2023-03-13,"3년 만에 1억 모으고 후회한 사실 I 💵 20대 사회초년생 필수 시청, 저축, 재테크, 직장인, 월급, 돈 모으는 법, 책 추천",마시멜로우 이야기 같아요 마시멜로우 안먹고 참으면 더 많은 마시멜로우를 얻는 것처럼 지금 후회한다는 그 깨달음이 앞으로 더 큰 자산을 얻게 해주는 방법을 알려주는 거 같아요 저도 그 절실함과 인생선배들의 조언을 듣고 신혼 초기에 현명한 몸테크를 부딪혀 봐야겠어요,-0.3333333333333333
2023-03-13,"3년 만에 1억 모으고 후회한 사실 I 💵 20대 사회초년생 필수 시청, 저축, 재테크, 직장인, 월급, 돈 모으는 법, 책 추천",영상 잘봤어요 누나,0.0
2023-03-13,"3년 만에 1억 모으고 후회한 사실 I 💵 20대 사회초년생 필수 시청, 저축, 재테크, 직장인, 월급, 돈 모으는 법, 책 추천",현재 빛 1천있네요 25살이고 내년 26살 입니다... 정말 힘드네요 사업한다고 오바하다가 이렇게 됐어요.. 5년동안 투잡하며 모은돈 전부 잃고 비참하네요. 마음 단단히 먹고 여기다 조언 들을수 있으면 좋겠습니다.. 편하게 부탁드리겠습니다,0.0
2023-03-13,"3년 만에 1억 모으고 후회한 사실 I 💵 20대 사회초년생 필수 시청, 저축, 재테크, 직장인, 월급, 돈 모으는 법, 책 추천",듣기가 정말 편해요~  목소리톤이며 전달력이 넘 좋으심,0.0
2023-03-13,"3년 만에 1억 모으고 후회한 사실 I 💵 20대 사회초년생 필수 시청, 저축, 재테크, 직장인, 월급, 돈 모으는 법, 책 추천","현장직 다니는 사람들은 정말 딱 일잠일잠 연장작업, 철야 회사에서 제공해주는 밥만 먹으면 2년내에 모으기 가능은함... 독한마음 없으면 힘들지만.. 아! 1억을 모을땐 모으자고만 생각하는 것이 아니라 1억을 모은다음 무엇을 할것인지 어떻게 투자를 할것인지 포트폴리오를 작성하고 그에 맞는 자기개발하는 것을 추천드려요",0.3333333333333333
2023-03-13,"3년 만에 1억 모으고 후회한 사실 I 💵 20대 사회초년생 필수 시청, 저축, 재테크, 직장인, 월급, 돈 모으는 법, 책 추천","벌써 14년전 이야기지만, 암이 걸려 사업을 접었어요. 정말 돈을 잘 벌었고, 자녀들도 유학을 보낼 수 있었는데... 갑자기 남편 소득으로만으로 살아야 해서 반토막 수입으로는 시부모 집 사드리고 생활비드리니 내 자녀들은 학원도 못다녔죠.  살면서 건강리스크가 가장 크다는 걸 깨닫게 되었답니다... 내 자녀들 학원기도",0.0
2023-03-13,"3년 만에 1억 모으고 후회한 사실 I 💵 20대 사회초년생 필수 시청, 저축, 재테크, 직장인, 월급, 돈 모으는 법, 책 추천",멋지군,0.0
2023-03-13,"3년 만에 1억 모으고 후회한 사실 I 💵 20대 사회초년생 필수 시청, 저축, 재테크, 직장인, 월급, 돈 모으는 법, 책 추천",좋은 이야기 들려주셔서 고맙습니다!,0.0
2023-03-13,"3년 만에 1억 모으고 후회한 사실 I 💵 20대 사회초년생 필수 시청, 저축, 재테크, 직장인, 월급, 돈 모으는 법, 책 추천",저도 며칠전에 1억원을 달성하게 되어서 하셨던 말씀들이 너무나 공감이 되네요.  축하드려요 🎉🎉,0.0
2023-03-13,"3년 만에 1억 모으고 후회한 사실 I 💵 20대 사회초년생 필수 시청, 저축, 재테크, 직장인, 월급, 돈 모으는 법, 책 추천",가장 중요한 거 부모님 집에 빌붙어 살 수 있어야 함,0.0
2023-03-13,"3년 만에 1억 모으고 후회한 사실 I 💵 20대 사회초년생 필수 시청, 저축, 재테크, 직장인, 월급, 돈 모으는 법, 책 추천",세상에 멋있는 사람들 왜케 많냐,0.0
2023-03-13,"3년 만에 1억 모으고 후회한 사실 I 💵 20대 사회초년생 필수 시청, 저축, 재테크, 직장인, 월급, 돈 모으는 법, 책 추천",좋은 참고가 됐습니다!! 감사합니다:),0.0
2023-03-13,"3년 만에 1억 모으고 후회한 사실 I 💵 20대 사회초년생 필수 시청, 저축, 재테크, 직장인, 월급, 돈 모으는 법, 책 추천",저도 20대 초반인데 2년만에 경기도 외곽에 있는 아파트 한대 샀네요.. 영상 잘보고 갑니다..,0.0
2023-03-13,"3년 만에 1억 모으고 후회한 사실 I 💵 20대 사회초년생 필수 시청, 저축, 재테크, 직장인, 월급, 돈 모으는 법, 책 추천",걍 노후에 파지줍거나 쪽방안살면 되죠,0.0
2023-03-13,"3년 만에 1억 모으고 후회한 사실 I 💵 20대 사회초년생 필수 시청, 저축, 재테크, 직장인, 월급, 돈 모으는 법, 책 추천",피와 같이 붉고 뼈와 같이 희고 고독과 같이 붉고 침묵과 같이 희고 짐승의 신경과 같이 붉고 신의 심장과 같이 희고 녹아내리는 증오와 같이 붉고 얼어붙는 마음의 상처와 같이 희고 밤을 먹는 그림자와 같이 붉고 달을 꿰뚫는 한숨과 같이 희게 빛나며 붉게 흩어진다.,0.0
2023-03-13,"3년 만에 1억 모으고 후회한 사실 I 💵 20대 사회초년생 필수 시청, 저축, 재테크, 직장인, 월급, 돈 모으는 법, 책 추천",이 영상하나만으로 무조건 구독 눌렀습니다   겉만 번지르르한 유투버보다 훨씬 좋습니다,0.0
2023-03-13,"3년 만에 1억 모으고 후회한 사실 I 💵 20대 사회초년생 필수 시청, 저축, 재테크, 직장인, 월급, 돈 모으는 법, 책 추천",화이팅 ㅋㅋ,0.0
2023-03-13,"3년 만에 1억 모으고 후회한 사실 I 💵 20대 사회초년생 필수 시청, 저축, 재테크, 직장인, 월급, 돈 모으는 법, 책 추천",졸라 이쁘네요 얼굴이 이뻐서 1억 모으기 더 수월할 거 같아요.,0.0
2023-03-13,"3년 만에 1억 모으고 후회한 사실 I 💵 20대 사회초년생 필수 시청, 저축, 재테크, 직장인, 월급, 돈 모으는 법, 책 추천",좋겠다 1억 모아서,0.0
2023-03-13,"3년 만에 1억 모으고 후회한 사실 I 💵 20대 사회초년생 필수 시청, 저축, 재테크, 직장인, 월급, 돈 모으는 법, 책 추천",발전기원함다,0.0
2022-12-31,20대 직장인 1년 동안 얼마를 모았을까? #shorts #저축 #재테크,저축액이 내 월급보다 많네.. ㅅㅂ..,0.0
2022-12-31,20대 직장인 1년 동안 얼마를 모았을까? #shorts #저축 #재테크,수입이 어마어마하신가봐요!!,0.0
2022-12-31,20대 직장인 1년 동안 얼마를 모았을까? #shorts #저축 #재테크,부모랑 살아도 못모으는 사람 태반 그리고 애초에 저정도 금액이면 누구랑 살든 상관없다 정말 존경스럽고 대단하다..,0.0
2022-12-31,20대 직장인 1년 동안 얼마를 모았을까? #shorts #저축 #재테크,"이래서 월급이 조금이라도 많은게 중요. 월급 월300과 월400 차이가 그렇게 커보이지 않지만 각각 200씩 쓴다치면 한달 저축액이 각각 100, 200으로 두배차이남",0.0
2022-12-31,20대 직장인 1년 동안 얼마를 모았을까? #shorts #저축 #재테크,저축금액 보니까 웬만한 직장인 급여도 있네요 ㅜㅜ 그런분들에게는 ~^ 고생하셨어요,0.0
2022-12-31,20대 직장인 1년 동안 얼마를 모았을까? #shorts #저축 #재테크,연봉도 기재해 주셔야,0.0
2022-12-31,20대 직장인 1년 동안 얼마를 모았을까? #shorts #저축 #재테크,무슨 직장이길래 20대에 월급이 엄청나네 보통은 저기서 뒷자리 빼야 되는거 아님,0.0
2022-12-31,20대 직장인 1년 동안 얼마를 모았을까? #shorts #저축 #재테크,정말 대단하다,0.0
2022-12-31,20대 직장인 1년 동안 얼마를 모았을까? #shorts #저축 #재테크,진짜 대단하네요~매월 저축하는게 쉽자 않는데!2023년도 화이팅하세요!ㅋㅋ,0.0
2022-12-31,20대 직장인 1년 동안 얼마를 모았을까? #shorts #저축 #재테크,일반월급으로는 꿈도못꿀 저축이네요. 아이를 키우는 엄마로서는 더더욱... 슬퍼지네요ㅎㅎㅎ 젊을때 많이 모아놓으셔요,0.3333333333333333
2022-12-31,20대 직장인 1년 동안 얼마를 모았을까? #shorts #저축 #재테크,"혼자사냐, 부모님이랑 사냐에 따라 저축액은 차이가 어마어마하죠...",0.0
2022-12-31,20대 직장인 1년 동안 얼마를 모았을까? #shorts #저축 #재테크,월급이 대기업이네요,0.0
2022-12-31,20대 직장인 1년 동안 얼마를 모았을까? #shorts #저축 #재테크,선한 영향력~^^ 저축 더 늘려봐야 게떠여,0.0
2022-12-31,20대 직장인 1년 동안 얼마를 모았을까? #shorts #저축 #재테크,알뜰한 당신에게 박수와 엄지척!🤩,0.0
2022-12-31,20대 직장인 1년 동안 얼마를 모았을까? #shorts #저축 #재테크,대단하네요~~^^ 부모님이 너무 기특해 하실듯~~^^,0.0
2022-12-31,20대 직장인 1년 동안 얼마를 모았을까? #shorts #저축 #재테크,저는 20대에 집사서 집근처로 이직해서 혼자 나와서 사는데 아파트 관리비에 공과금에 이것저것 낼거 다내면 270만원쯤 나가더라고요 진짜 부모님이랑 살아야 돈은 모이는거 같아요,0.0
2022-12-31,20대 직장인 1년 동안 얼마를 모았을까? #shorts #저축 #재테크,와..  월급도아니고...저축을..  대단 하시내요..  얼마나 많이 버시길래... ㅎ,0.0
2022-12-31,20대 직장인 1년 동안 얼마를 모았을까? #shorts #저축 #재테크,상황이 안좋아도 더모으는 사람있고. 상황이 좋아도 못모으는 사람도 있습니다. 무언가 계획하며 열심히 기록하고 살아가시는게 너무 멋있고 배울점이라생각합니다!,0.0
2022-12-31,20대 직장인 1년 동안 얼마를 모았을까? #shorts #저축 #재테크,돈 잘버시네,0.0
2022-12-31,20대 직장인 1년 동안 얼마를 모았을까? #shorts #저축 #재테크,능력이 정말 굉장해서 월급 자체가 많거나 가족과 같이 살아서 고정 지출 자체가 거의 없거나 부업에서의 수입이 정말 잘 되거나 등등 어떤 생활 환경인지 세세한 그런것들이 없어서 정확히는 잘 모은 게 맞는지 모름 하지만 어찌되었든 모은건 대단한 일 넘치면 넘치는만큼 쓰는 사람도 많으니...,0.0
2022-12-31,20대 직장인 1년 동안 얼마를 모았을까? #shorts #저축 #재테크,"인증을 해주던가,ㅋㅋㅋㅋ,웃기다 ㅋㅋㅋㅋㅋ",0.0
2022-12-31,20대 직장인 1년 동안 얼마를 모았을까? #shorts #저축 #재테크,50만원도 ㄷㄷㄷ인데 부럽당,0.0
2022-12-31,20대 직장인 1년 동안 얼마를 모았을까? #shorts #저축 #재테크,고생하셨어요!!,0.0
2022-12-31,20대 직장인 1년 동안 얼마를 모았을까? #shorts #저축 #재테크,굿... 멋지당,0.0
2022-12-31,20대 직장인 1년 동안 얼마를 모았을까? #shorts #저축 #재테크,와우! 칭찬합니다.  많이 모아 부자되세요~~,0.0
2022-12-31,20대 직장인 1년 동안 얼마를 모았을까? #shorts #저축 #재테크,1. 부모님과 함께 살아야 가능 2. 월급 최소 400~500 이상 예상,0.0
2022-12-31,20대 직장인 1년 동안 얼마를 모았을까? #shorts #저축 #재테크,근검 절약하시는 습관 보기 좋네요 꼭 성공하세요,0.3333333333333333
2022-12-31,20대 직장인 1년 동안 얼마를 모았을까? #shorts #저축 #재테크,저축액도 높지만 저축비율이 높아서 깜짝 놀랐어요! 대단하십니다👍🏻👍🏻,0.0
2022-12-31,20대 직장인 1년 동안 얼마를 모았을까? #shorts #저축 #재테크,저두 혼자살때는 저축이 어려웠는데 결혼하고 남편과 둘이 버니까 저축이 많이 됩니다. 이래서 결혼 하나봐요 ^^,0.0
2022-12-31,20대 직장인 1년 동안 얼마를 모았을까? #shorts #저축 #재테크,통장 안까면 아무의미 없다....,0.0
2022-12-31,20대 직장인 1년 동안 얼마를 모았을까? #shorts #저축 #재테크,내 자신이 부끄러워지네 ㅜㅜ,0.0
2022-12-31,20대 직장인 1년 동안 얼마를 모았을까? #shorts #저축 #재테크,울아부지 늘 하신말씀이 솔직히 실천안되는게 문제였지만 쓰고 남은걸 저축하면 안되구 먼저 저축하고 남은돈으로 아껴가며 계획있게 살아야한다고 늘 말씀하셨어요 먹고싶은거 다먹고 사고싶은거 다 사면 나중에 진짜하고싶을땐 아무것도 할수없다구요 나이드니 그말 딱맞아요 아부진 늘 통장에 현금이 넉넉한게 아닌 좀 많이 가지고 계셨답니다. 시작이 반이니 2023년 시작해보...,0.0
2022-12-31,20대 직장인 1년 동안 얼마를 모았을까? #shorts #저축 #재테크,부럽다~~,0.0
2022-12-31,20대 직장인 1년 동안 얼마를 모았을까? #shorts #저축 #재테크,그냥 은행 어플로 저축액 보여쥬세용 ㅎㅎㅎ 저렇게 쓰면 저도 작년 1억 모았어용 ><,0.0
2022-12-31,20대 직장인 1년 동안 얼마를 모았을까? #shorts #저축 #재테크,최소 중견기업이상 다니시는 분이시네요 월급을 많이 받는다해도 저렇게 저축하기 힘든데 대단하십니다,0.0
2022-12-31,20대 직장인 1년 동안 얼마를 모았을까? #shorts #저축 #재테크,ㅁ멋집니다! 파이팅🎉,0.0
2022-12-31,20대 직장인 1년 동안 얼마를 모았을까? #shorts #저축 #재테크,이런 영상은 순월급은 절대 안보여주고 저축만 얼마나 했다~ 이런식이더라,0.0
2022-12-31,20대 직장인 1년 동안 얼마를 모았을까? #shorts #저축 #재테크,잘하고계시네요 대단해요,0.0
2022-12-31,20대 직장인 1년 동안 얼마를 모았을까? #shorts #저축 #재테크,저축부터 하시는분   대단합니다 이런20대 몇이나 될까요  부럽네요,0.0
2022-12-31,20대 직장인 1년 동안 얼마를 모았을까? #shorts #저축 #재테크,열심히 살았네요  ♡,0.0
2022-12-31,20대 직장인 1년 동안 얼마를 모았을까? #shorts #저축 #재테크,20대에 이미 최대 320만원을 저축할수있다는건 그전부터 치열한 삶을 살았다는거네 리스펙합니다,0.0
2022-12-31,20대 직장인 1년 동안 얼마를 모았을까? #shorts #저축 #재테크,굳 ㅋㅋ  멋집니다. 1억 넘어도 4천.. ㅋㅋ근데 세금이 엄청...,0.0
2022-12-31,20대 직장인 1년 동안 얼마를 모았을까? #shorts #저축 #재테크,대단하십니다,0.0
2022-12-31,20대 직장인 1년 동안 얼마를 모았을까? #shorts #저축 #재테크,월500씩버는거아닙니까? 굉장하네,0.0
2022-12-31,20대 직장인 1년 동안 얼마를 모았을까? #shorts #저축 #재테크,달에 300은 저축가능한데 나가는 돈을 막을 수가 없음...  아니 막고 싶지 않음 ㅋㅋ,0.0
2022-12-31,20대 직장인 1년 동안 얼마를 모았을까? #shorts #저축 #재테크,대단합니다,0.0
2022-12-31,20대 직장인 1년 동안 얼마를 모았을까? #shorts #저축 #재테크,세후 500되시나보네요^^,0.0
2022-12-31,20대 직장인 1년 동안 얼마를 모았을까? #shorts #저축 #재테크,열심히 살아서 보기좋당~,0.0
2022-12-31,20대 직장인 1년 동안 얼마를 모았을까? #shorts #저축 #재테크,노래랑 잘 맞네요 루이비통 꾸찌보다 두둑한 통장이 더 맘이 편하죠,0.0
2022-12-31,20대 직장인 1년 동안 얼마를 모았을까? #shorts #저축 #재테크,정말 멋있습니다. 화이팅입니다!!!!!,0.0
2022-06-26,"부자가 될 20대들이 알아야하는 5가지 (20대 재테크, 젊은자유)",비슷한 성향을 가진 또래는 뿅글님이 처음인거 같네요  만나서 반가웠습니당 😄,0.0
2022-06-26,"부자가 될 20대들이 알아야하는 5가지 (20대 재테크, 젊은자유)",넘 유익한데 넘 숨막힌다...,0.0
2022-06-26,"부자가 될 20대들이 알아야하는 5가지 (20대 재테크, 젊은자유)",와 32살 인데 이게 어떻게 25살 과 26살의 대화야;;;; 대단들하고 멋있네요,0.0
2022-06-26,"부자가 될 20대들이 알아야하는 5가지 (20대 재테크, 젊은자유)",돈 쓰기싫다고 약속을 거절하는 친구..  음….,0.0
2022-06-26,"부자가 될 20대들이 알아야하는 5가지 (20대 재테크, 젊은자유)","전 재테크 및 부동산에 상당한 노력을 들이고 있고,  SNS 안 하고 자기계발도 참 좋아하지만, 그만큼 가족이나 친구도 사랑해요. 내가 10년 뒤 몰 수 있는 차의 급이 하나 더 올라가는 것보다, 20대때만 허락된 체력, 분위기, 열정을 제대로 함께 즐길 수 있는 친구들과 추억을 남기는 게 더 행복한 사람도 많이 있어요. 전 현재의 나도 미래의 나와 똑같이...",0.3333333333333333
2022-06-26,"부자가 될 20대들이 알아야하는 5가지 (20대 재테크, 젊은자유)","영상 보면서 하나 우려스러운 점은 20대라면 너무 '조급해'하지 말고, 너무 많은 것을 포기하지 말라는 것 입니다. 꾸준한 노력과 탐구를 통해 습관과 지식, 올바른 방향성만 갖춘다면 경제적인 부는 이룰 수 있습니다.  불과, 몇년안에 그런 부를 이루기 위해 잘못된 선택을 하거나 평생 살면서 행복에 가장 큰 영향을 주는 '관계'라는 것을 너무 축소시키지 마세...",0.3333333333333333
2022-06-26,"부자가 될 20대들이 알아야하는 5가지 (20대 재테크, 젊은자유)",기특하네  라는 생각으로 방송을 보게 되었는데요 내나이 오십이 넘어보니 이분들 말씀도 백번 옳은 말씀들이지만 행복기준이  중요 한거 같아요! 돈이 많다고 모든 사람이 행복한건 아니거든요! 자기소득을 잘 다룰줄아는 테크닉도 타인을 통해 배우고 깨닫게  되기도 하더라구요!,0.3333333333333333
2022-06-26,"부자가 될 20대들이 알아야하는 5가지 (20대 재테크, 젊은자유)","청춘은 돌아오지 않는다는 핑계로 인생 초장에 망가지는 케이스가 너무 많아요. '인맥이 중요하다'는 말에서 인맥은 내가 같이 놀고 마시는 친구들을 말하는 게 아닙니다. 사랑, 우정 다 좋은데 그전에 내가 건재해야 합니다. 그거 유지하려고 쓰는 시간, 돈 때문에 돌이켜보면 대부분 20대를 허송세월로 보내는 겁니다. 청춘보다 중요한 게 내 30대, 40대, 50...",0.0
2022-06-26,"부자가 될 20대들이 알아야하는 5가지 (20대 재테크, 젊은자유)","이렇게 살지 않는다고 틀린게 아닙니다. 그나이때 누릴수있는, 해도 이해가 되는 일도 있으니까요:) 그런일들이 주는 경험과 가르침이 또 있어요ㅎㅎ 그러나 이분들처럼 목적이 분명하다면 이렇게 해봐요 하고 꿀같은 경험 나눠주시는거니까요~ 이런 삶의 방식도 있구나 하고 보시면 됩니다. 제동생이 이 영상보고 자기인생은 망한거같다고 진지하게 얘기하길래 남겨봐요.. 포...",0.3333333333333333
2022-06-26,"부자가 될 20대들이 알아야하는 5가지 (20대 재테크, 젊은자유)","96년생으로 2년전에 운좋게 주식시장에서 번 수익+저축했던 시드머니로 지인의 부동산 추천을 통해 지방에 내집마련을 성공했는데 세상을 바라보는 시선이 정말 달라졌어요 주변에 어떤 이들을 곁에두느냐에 따라, 그리고 그런 기회가 온다면 잡을수있을지에 따라, 진취적으로 나아가는 제 인생을 볼수있는것같아요. 부동산이든 주식이든 코인이든 어떤 재테크라도 본인 성향에 ...",0.6666666666666666
2022-06-26,"부자가 될 20대들이 알아야하는 5가지 (20대 재테크, 젊은자유)",근데 고1때부터 쇼핑몰 운영했다는거부터 좀 비현실적인데ㅋㅋ,0.0
2022-06-26,"부자가 될 20대들이 알아야하는 5가지 (20대 재테크, 젊은자유)",20대 누릴수 있는 행복과 돈을 바꾼것 같네요. 목표시점이 짧아지셔서 진정한 행복을 찾길 바랄께요,0.3333333333333333
2022-06-26,"부자가 될 20대들이 알아야하는 5가지 (20대 재테크, 젊은자유)",인생의 모든 초점이 돈에 맞춰져서 가치관이 만들어지는 것 같은 부분은 안타깝네요,0.0
2022-06-26,"부자가 될 20대들이 알아야하는 5가지 (20대 재테크, 젊은자유)","캬... 진짜 부자란, 돈도 돈이지만 ' 어떻게 관리해서 내 삶을 어떻게하면 풍족하게 하는지 아는 사람 ' !! 부자가 될 20대의 마인드는 확실히 다르네요",0.0
2022-06-26,"부자가 될 20대들이 알아야하는 5가지 (20대 재테크, 젊은자유)",방금 전까지 밥먹으면서 ‘돈을 쫓지말라’ 라는 걸 생각했는데 ‘돈을 쫓지말라’ 가 아니라 ‘돈만 쫓지 말라’ 라는 말이 맞다고 결론내렸었는데 영상 보다가 딱 그내용이 나오네요 영상 잘 봤습니다 고독하지만 끝까지 가겠습니다 ㅎㅇㅌ!,0.0
2022-06-26,"부자가 될 20대들이 알아야하는 5가지 (20대 재테크, 젊은자유)",연애는 못했겠네요 ㅠㅠ 성공하기위해서 모든 욕구를 참았다는게 대단하다고 생각합니다,0.3333333333333333
2022-06-26,"부자가 될 20대들이 알아야하는 5가지 (20대 재테크, 젊은자유)",SNS 끊기는 인생의 진리… 인생을 더 낫게 만들 수 있는 가장 쉽고 빠른 첫단추,0.0
2022-06-26,"부자가 될 20대들이 알아야하는 5가지 (20대 재테크, 젊은자유)",요즘 이런영상이 하도 판을치니 젊은애들이 부자되고싶은 환상에 젖게되고 대출땡겨서 주식투자하고 코인투자하고 빚쟁이되고 .. 안타깝다.,0.0
2022-06-26,"부자가 될 20대들이 알아야하는 5가지 (20대 재테크, 젊은자유)","두 분 재테크 시작하시면서 연애했을 때는 돈을 어떻게 소비했는지도 궁금해요,,,!",0.0
2022-06-26,"부자가 될 20대들이 알아야하는 5가지 (20대 재테크, 젊은자유)",멋있다..하지만 친구들에게 투자하는 것들도 정말 헛된게 아닙니다!,0.0
2022-06-26,"부자가 될 20대들이 알아야하는 5가지 (20대 재테크, 젊은자유)",유튜브 전형적인 사기꾼 래퍼토리ㅋㅋ,0.0
2022-06-26,"부자가 될 20대들이 알아야하는 5가지 (20대 재테크, 젊은자유)",제가 생각했을때 저렇게 살면 정말 젊을때 성공해서 남들한테 부러움을 사는 존재로 살게되는것도 좋지만 돈으로도 살 수 없다는게 시간이라는거잖아요 분명 성공하기 위해선 다 버려야하지만 젊었을때 조금이라도 놀아야지 나이먹으면 놀고 싶어도 젊을때처럼 놀기 쉽지는 않다고 하더라구요 돈을 많이 버는것도 성공이지만 인생을 돌아봤을때 추억할만한게 있는것도 성공한게 아닐까...,0.3333333333333333
2022-06-26,"부자가 될 20대들이 알아야하는 5가지 (20대 재테크, 젊은자유)",ㅋㅋ 걍집에돈이쫌있는 분들인듯 진짜 흙이면 불가능함,0.0
2022-06-26,"부자가 될 20대들이 알아야하는 5가지 (20대 재테크, 젊은자유)","누군가는 상대적 박탈감을 느끼겠네요 저렇게 살지 않았다고 해서, 혹 저렇게 생각하지 않고 즐겼다고 해서 남들과 뒤쳐지고 있거나 자기비난을 하지 않았으면 좋겠네요 저 삶과 가치관은 그저 수많은 사람들 중 하나 일 뿐이니까요 그저 우선순위가 다를뿐",0.0
2022-06-26,"부자가 될 20대들이 알아야하는 5가지 (20대 재테크, 젊은자유)","같은 20대로서 너무 대단하신 것 같아요. 사실 이른 나이에 제테크를 공부한다는게 정말 쉬운 일이 아닌데, 어떻게 어린 시절부터 그런 대견한 생각을 하실 수 있었는지,, 정말 존경스러운 것 같아요! 저도 경제 공부를 지금부터라도 시작해서 더 나은 삶을 살 수 있도록 노력해야겠어요.",0.0
2022-06-26,"부자가 될 20대들이 알아야하는 5가지 (20대 재테크, 젊은자유)",이제 집값 폭락하는 길만 남았는데 잘 처분하셨는지 모르겠네요 수요가 없어져서 팔리지도 않을텐데 잘 처분하셨길 바랍니다,0.0
2022-06-26,"부자가 될 20대들이 알아야하는 5가지 (20대 재테크, 젊은자유)",다보니까 우울하다..ㅋㅋ 저렇게 살아야하나..? 주말 겨우 쉬는 것도 힘든데..,0.0
2022-06-26,"부자가 될 20대들이 알아야하는 5가지 (20대 재테크, 젊은자유)",정말 멋있다 ... 현재 21살인데 꼭 새겨듣겠습니다 저도 꼭 성공할게요!,0.3333333333333333
2022-06-26,"부자가 될 20대들이 알아야하는 5가지 (20대 재테크, 젊은자유)",영상 5분 봤는데 왜 냄새가 너무 심하게 나네 ㅋㅋㅋㅋㅋㅋㅋㅋㅋㅋ,0.0
2022-06-26,"부자가 될 20대들이 알아야하는 5가지 (20대 재테크, 젊은자유)",개인적으로 저는 가치관이 조금 다릅니다만 그래도 두 분 모두 대단하시네요:)!  목표 꼭 이루시길!,0.0
2022-06-26,"부자가 될 20대들이 알아야하는 5가지 (20대 재테크, 젊은자유)","갭투자 이야기... 금리 상황에 맞게 업데이트 되어져야 할 것 같네요. 종책 상황, 경제 상황, 금리 상황에 따라서 이전에 좋았던 방법이 현재는 쉽지 않을 수 있죠.",0.0
2022-06-26,"부자가 될 20대들이 알아야하는 5가지 (20대 재테크, 젊은자유)",유익함이 전혀 없는 뻔한 이야기 아는 형님이 어쩌고 저쩌고. 뿅글이 브이로그가 100배 더 좋아요. 죄송합니당 :),0.0
2022-06-26,"부자가 될 20대들이 알아야하는 5가지 (20대 재테크, 젊은자유)",삶의 최종목표가 무엇인가요? 그리고 행복하신가용?,0.3333333333333333
2022-06-26,"부자가 될 20대들이 알아야하는 5가지 (20대 재테크, 젊은자유)",99년생인데 이 영상 보고 나니 난 도데체 왜 그런걸까 싶고 젊은자유님처럼 살아야 되는 게 옳은 일이고 당연한 것 같다는 생각을 하게 되네요,0.0
2022-06-26,"부자가 될 20대들이 알아야하는 5가지 (20대 재테크, 젊은자유)",이 채널 어쩌다 두개봤는데 너무 공감 맛집이네유.. 27에 1억 찍고 주변에 이런 경제관념 나눌 사람 없는 것조차도 너무 공감이에요,0.0
2022-06-26,"부자가 될 20대들이 알아야하는 5가지 (20대 재테크, 젊은자유)",어떻게 20대에 저런 생각을 가질 수가 있죠? 진짜 대단한 젊은분들입니다.,0.0
2022-06-26,"부자가 될 20대들이 알아야하는 5가지 (20대 재테크, 젊은자유)","저도 20대고 위의 두분과 어느정도 비슷한 가치관을 가졌지만,  너무 극단적이어서 좋지만은 않다고 생각합니다. 왜냐하면 20대에 돈만 모으고 사회생활을 적게 하다보니 후회를 많이 하였고, 20대만의 소비를 하며 경험하는 것도 좋다고 생각하기 때문입니다.",0.0
2022-06-26,"부자가 될 20대들이 알아야하는 5가지 (20대 재테크, 젊은자유)",유익한 내용 잘보고 갑니다! INFJ 성향도 파이팅!,0.0
2022-06-26,"부자가 될 20대들이 알아야하는 5가지 (20대 재테크, 젊은자유)",돈많은 것과 부자의 차이를 알고 계시네요 굿,0.0
2022-06-26,"부자가 될 20대들이 알아야하는 5가지 (20대 재테크, 젊은자유)",이 영상은 하나의 의견이라고 생각하고 보세요 친구가 영상보고 스스로와 비교한 다음 좌절하고 우울해 하길래 한소리 했습니다..  금수저에 얼굴도 이쁜 친구가 젊은 나이에 죽었고 아베 총리도 얼마 전에 허무하게 죽었죠  인생 생각보다 굉장히 짧고 소중합니다 물론 돈이 어느 정도 있어야 생활도 되지만 스스로가 인생을 만족하고 행복한지가 중요한 것 같아요  월 몇...,0.6666666666666666
2022-06-26,"부자가 될 20대들이 알아야하는 5가지 (20대 재테크, 젊은자유)",저는 istj인데 주변에 관심사 비슷한 친구 없다는 말 너무 공감이에요ㅠㅠ,0.0
2022-06-26,"부자가 될 20대들이 알아야하는 5가지 (20대 재테크, 젊은자유)",어떻게 보면 뻔한 소리들인데 진짜 해낸 사람이 말하니까 더 설득되고 더 동기 부여가 되네요,0.0
2022-06-26,"부자가 될 20대들이 알아야하는 5가지 (20대 재테크, 젊은자유)",96년생 사회 초년생입니다. 역시 나이는 숫자에 불과했네요. 저도 더 열심히 살겠습니다. 감사합니다.,0.0
2022-06-26,"부자가 될 20대들이 알아야하는 5가지 (20대 재테크, 젊은자유)",너무 반갑네욬ㅋㅋㅋㅋ estj 20대에 저도 집 세채에요 동기부여 더 받고가요!! 두분이 자주 올려주세요,0.0
2022-06-26,"부자가 될 20대들이 알아야하는 5가지 (20대 재테크, 젊은자유)",멋진사람들 오늘도 화이팅이에요❤,0.0
2022-06-26,"부자가 될 20대들이 알아야하는 5가지 (20대 재테크, 젊은자유)",많이 배워갑니다! 다들 부자되자구요 !!,0.0
2022-06-26,"부자가 될 20대들이 알아야하는 5가지 (20대 재테크, 젊은자유)","정말 현명한 두분의 동영상입니다. 많이 공감하고 많이 배워갑니다. 하지만 동영상을 보실 분들이 출연자 분들의 동년배이거나, 그 아래일 경우, 조금 동떨어진 조언이 있을 수 있어요. 정기적인 수익이 생기고 그걸 어떻게 활용할까 고민할 때 가장 효과적인 동영상 인 것 같습니다.",0.0
2022-06-26,"부자가 될 20대들이 알아야하는 5가지 (20대 재테크, 젊은자유)",ESTJ. 외향적이고 현실적인 상황을 먼저 보고 현실적인 현재상황을 해결하려 하고 계획적으로 움직이니까 부자가 되기 위해 이보다 완벽한 성격이 어디있을까!,0.0
2022-06-26,"부자가 될 20대들이 알아야하는 5가지 (20대 재테크, 젊은자유)",이 분들이 제태크 제태크한다고 해서 제태크에 쏟지마세요 에초에 제태크는 돈버는 추가적인 수단일 뿐이고 본인의 능력을 키워서 그걸로 성공해야합니다 그리고 물질적인 목표를 쫒지말고 본인의 가치관을 세워서 그 가치관을 쫒으세요 물질적인 목표는 그 목표에 다다르면 가치가 없어집니다 자신의 가치관을 세우고 그것을 쫒아야지 왜 사는지 깨닫고 물질적은것은 따라오게 되있...,0.3333333333333333
2022-06-26,"부자가 될 20대들이 알아야하는 5가지 (20대 재테크, 젊은자유)","돈만 가지는것도 의미가없고 , 친구만 가지는것도 의미가 없고, 그 중간에서 친구도 얻고 돈도 얻는게 제일 좋지 않을까요 ?",0.0
2021-02-26,20대 재테크 l 6개월만에 5억을 벌면서 깨달은 부자되는 방법,"안녕하세요 바나나선생님!  지금도 댓글을 보고 계실지 모르겠지만 감사해서 댓글을 달아봅니다..! 9달전 대학 입학하던 3월에 이 영상을 처음보고, 학비걱정에 알아보던 알바를 접어두고 정말 정신없이 시간을 분단위로 계획해서 학교에서 할 수 있는 행사,대회 다 참여하고, 국가자격증취득, 전액장학금,대회수상,학교 대상등.. 정말 많은 것을 이뤘습니다 선생님한테는...",0.0
2021-02-26,20대 재테크 l 6개월만에 5억을 벌면서 깨달은 부자되는 방법,돈이야기는 불편한 이야기가 아니고 꼭 필요한 이야기입니다 우리나라 사람들은 돈에대해 너무 무지합니다 더 이야기 해주세요~~!!,0.0
2021-02-26,20대 재테크 l 6개월만에 5억을 벌면서 깨달은 부자되는 방법,"20대때 정보 찾으라는게 맞는말인게 알바해서 벌어봤자 몇푼 안되는데 정보 찾아서 장학금으로 미국여행도 2주 다녀오고, 심리상담 밖에서 받으면 비싼데 20회 무료로 받고, 에듀윌 인강도 무료로 듣고 많이 들었다고 장학금도 30만원 받음",0.0
2021-02-26,20대 재테크 l 6개월만에 5억을 벌면서 깨달은 부자되는 방법,왜 오은영박사님이 살짝 보이는거죸ㅋㅋㅋㅋ정보를쫓자!!지출을줄이자!언니화이팅♡,0.0
2021-02-26,20대 재테크 l 6개월만에 5억을 벌면서 깨달은 부자되는 방법,6개월만에 5억을 벌수도 있고 잃을 수도 있어요 영상에 반박하는게 아니라 벌었으면 그것을 지키는 것도 투자에요,0.0
2021-02-26,20대 재테크 l 6개월만에 5억을 벌면서 깨달은 부자되는 방법,와진짜 맨날 느끼지만 .. 이언니는 진짜 대단하다 .. 언니 책도 내주세요 ..,0.0
2021-02-26,20대 재테크 l 6개월만에 5억을 벌면서 깨달은 부자되는 방법,올해부터 2023년까지 인생 모델 5명 만드는 게 제 버킷리스트였고 이 리스트를 정하자 마자 고민없이 바나나 쌤을 첫번 째 모델로 삼았습니다. 지금은 선생님을 제 친구와 동생에게 소개하고 쌤을 알리는 중입니다 현재 스물인 전 쌤의 20대 시절 경험 및 조언들을 마음에 담고 실천 중입니다♥ 또 바나나쌤은  제가 중학생 때부터 스승이셨습니다. 영어를 사랑하게 ...,0.0
2021-02-26,20대 재테크 l 6개월만에 5억을 벌면서 깨달은 부자되는 방법,영앤리치 언니 나의 워너비야...,0.0
2021-02-26,20대 재테크 l 6개월만에 5억을 벌면서 깨달은 부자되는 방법,"항상 좋은영상 감사해요. 이제 대학교 가는데 제 기술에 아까워하지않고 열심히 투자할게요. 학비가 두려워서 여기저기 알바찾기에 바빴는데, 다시 한 번 고민하고 생각하게 해주셨어요 항상 감사하고 또 감사해요",0.0
2021-02-26,20대 재테크 l 6개월만에 5억을 벌면서 깨달은 부자되는 방법,"wow.. 자극 뿜뿜 어떤 식으로 공부하셨는지 큰 틀이나 책, 뉴스 페이지 등 소개해주시면 더 도움이 될 것 같아요 !",0.0
2021-02-26,20대 재테크 l 6개월만에 5억을 벌면서 깨달은 부자되는 방법,"돈에 관한 올바른 인식을 가질 수 있는 가이드라인을 제공해 줄 수 있는 내용들인 것 같습니다. 경제 공부, 시대 상황에 따른 사회 변화와 기술 변화 공부는 꼭 필요합니다.",0.0
2021-02-26,20대 재테크 l 6개월만에 5억을 벌면서 깨달은 부자되는 방법,돈을 쫓지 말고 정보를 쫓아가라는 말이 와닿네요 정말 돈만 보면 허상을 쫓는 느낌이었거든요  그리고 자기자신의 발전을 위해 투자하라는 말 정말 공감합니다! 제 자신에게 투자한 덕분에 좋은 정보를 얻은 적도 있고 미래를 스스로 정할 수 있는 힘을 기를 수 있게 되는 것 같아요!,0.0
2021-02-26,20대 재테크 l 6개월만에 5억을 벌면서 깨달은 부자되는 방법,진짜 세상 멋쟁이🔥 대인배 마음가짐 무엇💜😍 제가 아는 사람중에 제일 멋있는 사람같아요!  돈을 벌기만 해봤지 돈공부를 해보지못한 저는 좋아하는 사람만 믿고 투자를 했는데.... 7년째 강제 존버중입니다. 그와중에 주식공부 4개월차... 주식공부를 시작하니 세계경제가 보이고 세상돌아가는게 보이고 시야가 넓어지고 뉴스에 나오는 뉴스는 개미털기와 심리를 이용하...,0.0
2021-02-26,20대 재테크 l 6개월만에 5억을 벌면서 깨달은 부자되는 방법,요새 정말 게으르게 쓰레기같은 삶을 살고 있었는데 정신이 번쩍 들면서 정신 놓고 있을게 아니라 정보를 모으는 사람이 되야겠다 싶어졌네요! 감사합니다!! 아티앤바나나를 구독해서 이 영상을 보게되서 정말 다행이에요,0.0
2021-02-26,20대 재테크 l 6개월만에 5억을 벌면서 깨달은 부자되는 방법,"언니 덕분에 사고의 폭이 넓어졌어요 ❕❕ 감사합니당✨✨💕 영상에서 계속 “공부”를 강조하셨는데 저는 그 “공부”를 시작하는 방법을 모르겠어요,, 너무 어렵고 막막해요 “공부”라는것이 인터넷 서치와 책을 읽는것 ,,일까요?? ㅜㅠㅠㅠ",-0.3333333333333333
2021-02-26,20대 재테크 l 6개월만에 5억을 벌면서 깨달은 부자되는 방법,미성년자때부터 언니를 알게 돼서 언니와 같이 제 20대를 보낸다는 건 정말 축복인 것 같아요 언니 항상 고마워요..❤️❤️ 저도 언니처럼 믓찐 어른이 될게욥💪,0.0
2021-02-26,20대 재테크 l 6개월만에 5억을 벌면서 깨달은 부자되는 방법,50억 말고 500억 5000억 이상 더 많이 많이 버세요ㅜㅜ 호주 라이프 제가 더 기대돼요! 바나나 님 진짜 라방보면 너무 재밌고 웃기고 같은 entp라서 그런지 뭔가 말이 더 잘 통하는? 느낌이고ㅠㅠ 영어도 잘하시고 너무 예쁘시고 사투리 하실때도 너무 매력 있어요...... 완 벽,0.0
2021-02-26,20대 재테크 l 6개월만에 5억을 벌면서 깨달은 부자되는 방법,어쩜 똑소리 날까요 50이 넘은 일반주부인 저의 모습이 답답해 지네요. 영상 너무 잘 봤네요 구독하며 정보 받을께요~♡,0.0
2021-02-26,20대 재테크 l 6개월만에 5억을 벌면서 깨달은 부자되는 방법,"투자도 투자지만 전체적인 삶의 폭에 있어서 어떻게 살아가면 좋을지 조언해주시는게 진짜 좋네요 ,,, 3월부터는 다시 소비를 통제하면서 열심히 살아야겠어요 오늘 영상도 감사합니다 ෆ",0.0
2021-02-26,20대 재테크 l 6개월만에 5억을 벌면서 깨달은 부자되는 방법,언니를 닮아가고싶어요! 좋은 영상 감사합니다♡,0.0
2021-02-26,20대 재테크 l 6개월만에 5억을 벌면서 깨달은 부자되는 방법,우리언니 너무 멋있다...  저도 투자에 대해 10대에는 언니처럼 생각했는데 미성년자라 제한을 받는것들이 너무 많아서 어느순간부턴 관심이 없게 살며 20대가 되었어요. 그러다 언니덕에 작년부터 다시 시작해서 너무 고마워요💕 앞으로도 더더더 공부하면서 나아갈게요!  코인 주식 떨어지는거 추매하긴 하지만 보고있음 마음이 아프긴하더라구요ㅠㅠ마인드컨트롤 노력중,0.0
2021-02-26,20대 재테크 l 6개월만에 5억을 벌면서 깨달은 부자되는 방법,근데 언니 내일 라방 하시나용?🙆‍♀️🐦💘 이번 방학에는 멤버쉽 가입해서 저번에 했던 라방 볼거에용....제가 인터넷에서는 카드를 안써서 진짜 많이 고민했는데 역시 언니의 후광 못 참아ㅠㅠㅜ,0.0
2021-02-26,20대 재테크 l 6개월만에 5억을 벌면서 깨달은 부자되는 방법,진짜 멋있는 크리에이터 🔥,0.0
2021-02-26,20대 재테크 l 6개월만에 5억을 벌면서 깨달은 부자되는 방법,이런 엄청난 꿀팁들을 무료로 알려주시는 르네님은 혹시 천사....?👼 너무 감사해요 ㅠㅠㅠ 오늘도 덕분에 돈의가치가 점점더 떨어지는것과 그로인해 돈을 굴리는법까지!! 주식쪽은 함부로 하는게 아니것 같습니다 공부도 하고 그래야겠죠? 항상 감사합니다😍😍,0.3333333333333333
2021-02-26,20대 재테크 l 6개월만에 5억을 벌면서 깨달은 부자되는 방법,"개인적으로 공감되는 부분이 많습니다. 금융인 존리도 언급했죠 대한민국은 경제문맹율이 너무 높고 주식이 무조건 잘못됐다는 인식만 있는 게 문제다 자본주의사회에서 직장인으로 산다면 주식은 필수입니다. 다들 주식공부, 투자공부 무조건 빨리 하세요",0.0
2021-02-26,20대 재테크 l 6개월만에 5억을 벌면서 깨달은 부자되는 방법,🍌= 진정 고수의 마인드 깨달은걸 아낌없이 나눠줘서 감사해요!!!!!!우아🌈 이런 사람 없다 진짜ㅠ,0.0
2021-02-26,20대 재테크 l 6개월만에 5억을 벌면서 깨달은 부자되는 방법,이거 너무 기다렸어요ㅠㅠㅠ❤,0.0
2021-02-26,20대 재테크 l 6개월만에 5억을 벌면서 깨달은 부자되는 방법,언니 항상 많은걸 배워가요~~,0.0
2021-02-26,20대 재테크 l 6개월만에 5억을 벌면서 깨달은 부자되는 방법,오늘도 시원한 한탕노리고 사이버 전쟁터로 향합니다.,0.0
2021-02-26,20대 재테크 l 6개월만에 5억을 벌면서 깨달은 부자되는 방법,How wonderful Arty and Banana is❤️,0.0
2021-02-26,20대 재테크 l 6개월만에 5억을 벌면서 깨달은 부자되는 방법,헉! 드디어 올라왔다!,0.0
2021-02-26,20대 재테크 l 6개월만에 5억을 벌면서 깨달은 부자되는 방법,정보는 넘쳐나는데 믿을 수 있는 정보인지 분별하고 파악하기가 어려워요 ㅠㅠ,0.0
2021-02-26,20대 재테크 l 6개월만에 5억을 벌면서 깨달은 부자되는 방법,"바나나님 항상 영상 보면서 대단한 분이라는 생각이 많이 들었지만, 이 영상을 보고 더 확신이 드네요. 정말 대단하신 분 같아요. 사람들에게 알찬 정보만 쏙쏙 골라서 이해쉽게 알려주는 강의력, 열정, 정보력, 습득력 등등..  배울점이 가득합니다! 항상 감사하고 오늘 또 그 열정 본받아서 20대 알차게 쓰도록 할게요! 아참! 바나나님 건강검진 꼭 수시로 받으...",0.0
2021-02-26,20대 재테크 l 6개월만에 5억을 벌면서 깨달은 부자되는 방법,아닛영어에서부터 투자까지ㅠㅜ 열심히 따라가겠습니다!,0.0
2021-02-26,20대 재테크 l 6개월만에 5억을 벌면서 깨달은 부자되는 방법,앗싸❤  유익한 영상 고마워용~,0.0
2021-02-26,20대 재테크 l 6개월만에 5억을 벌면서 깨달은 부자되는 방법,누나 영상 보면서 공부 해서 학비 마련했어요  반말로 댓글 달고 그랬는데 진짜 고마워요,0.0
2021-02-26,20대 재테크 l 6개월만에 5억을 벌면서 깨달은 부자되는 방법,오늘도 유익한 영상 너무나도 감사합니다:),0.0
2021-02-26,20대 재테크 l 6개월만에 5억을 벌면서 깨달은 부자되는 방법,언니 이번 영상도 감사해요!!! 우리 같이 부자됩시다😍😍😍❤️,0.0
2021-02-26,20대 재테크 l 6개월만에 5억을 벌면서 깨달은 부자되는 방법,언니 영상은 영상이 아니라 하나의 강연 같이 느껴져요. 짬에서 나오는 바이브겠지만 카메라 보는 것도 자연스러우시고 목소리나 발성도 딱 신뢰가는 느낌이랄까요. 매 영상마다 언니가 자연스러워 보이니 저도 편하게 강연 듣는 기분으로 봅니다. 더 대박나소서...💛,0.0
2021-02-26,20대 재테크 l 6개월만에 5억을 벌면서 깨달은 부자되는 방법,오늘 썸네일 너무 취향저격 이렇게 귀한 정보 나누어주셔서 너무 감사해요🥰,0.0
2021-02-26,20대 재테크 l 6개월만에 5억을 벌면서 깨달은 부자되는 방법,"바나나 언니 영상을 보면 제 시야가 넓어져요. 값진 이야기 들려주셔서 감사해요! 어떻게 보면 힘든 현실에 지쳐서 생각없이 즐길 수 있는 곳으로 들어가 눈, 귀를 막고 살았었거든요. 이젠 시대의 흐름을 알고 정보를 찾는 시간을 가지도록 해야겠어요. 오늘 영상도 정말 고마워요",0.0
2021-02-26,20대 재테크 l 6개월만에 5억을 벌면서 깨달은 부자되는 방법,당신은 이영상을 끝까지 본거 만으로도  정보를 찾은 거고 정보를 찾기를 이제 시작 한 겁니다 늦은게 아니니 괜찮으니  *정보를 찾아라* 모든 사람들이 하나하나 알고 있는 정보들은 다 다릅니다  그러니  자신이 알고 있는 정보도 잘 들고 있고 정보를 더 모으세요 *사장님*,0.0
2021-02-26,20대 재테크 l 6개월만에 5억을 벌면서 깨달은 부자되는 방법,좋은정보 감사합니다❤️,0.0
2021-02-26,20대 재테크 l 6개월만에 5억을 벌면서 깨달은 부자되는 방법,정보가 힘이되는 세상~ 이제서야 실감나고 현타가 오네요~ 좋은정보 감사히 보고 있어요~!!,0.0
2021-02-26,20대 재테크 l 6개월만에 5억을 벌면서 깨달은 부자되는 방법,곧 30만이시네용 정말 축하드려요ㅎㅎㅎㅎㅎ,0.0
2021-02-26,20대 재테크 l 6개월만에 5억을 벌면서 깨달은 부자되는 방법,지금은 학생이라서 씨드머니가 별로 없지만..공부하면서 세상이 어떻게 돌아가는지 관찰한 다음 취업해서 돈을 벌면 그때 본격적으로 투자를 해봐야겠어요,-0.3333333333333333
2021-02-26,20대 재테크 l 6개월만에 5억을 벌면서 깨달은 부자되는 방법,이런영상 19분동안 쭉 다본건 처음이에요... 항상 일하는동안 너무 고통스럽고 그렇다고 퇴사하면 일을 안해서 불안하고의 연속이었는데... 이유를 찾았네요... 사랑합니다!!,0.0
2021-02-26,20대 재테크 l 6개월만에 5억을 벌면서 깨달은 부자되는 방법,정말 대단👍🏼콕콕 찝어서 팩트를 전달해주시니 늘 감탄합니다! 👏🏻배울점이 너무 많은 바나나님!  바나나님을 본받아 이제부터라도 저는 달라져야할 것 같습니다! 더 많이 알려주세요~🙏🏻,0.0
2021-02-26,20대 재테크 l 6개월만에 5억을 벌면서 깨달은 부자되는 방법,공부 어떻게 하셨는지 너무 궁급합니다!,0.0
2021-02-26,20대 재테크 l 6개월만에 5억을 벌면서 깨달은 부자되는 방법,신뢰가 가는 아우라가 나옴.. 목소리 톤이나 표정이나 진짜 확실히 경력이 오래되신 게 보임 프로페셔널함...,0.0
