카드이용내역,,,,,,,,,,,,,,
■ 카드이용내역 요약,,,,,,,,,,,,,,
조회기간,사용처구분,정상∙취소 구분,이용구분,건수합계,금액합계(원),,,,,,,,,
2024.12.03~2025.12.02,전체,전체,전체,933건,"16,617,923",,,,,,,,,
■ 국내이용내역 상세,,,,,,,,,,,,,,
이용일자,이용시간,이용카드,이용가맹점,업종,이용금액,이용구분,할부개월,승인번호,취소여부,취소일자,취소금액,포인트사용,온누리상품권사용금액,매입여부
2025.12.01,21:16,본인 우리은행 포인트플러스 GRANDE(9*3*),GS25 고척사랑점,편의점,"7,100",일시불,-,62870799,N,,0,,0,N
2025.12.01,21:14,본인 우리은행 포인트플러스 GRANDE(9*3*),파리바게트 고척시장점,제과점/아이스크림점,"4,490",일시불,-,60841798,N,,0,,0,N
2025.12.01,20:22,본인 우리은행 포인트플러스 GRANDE(9*3*),주식회사 써브웨이신도림,패스트푸드점,"7,600",일시불,-,51871797,N,,0,,0,N
2025.12.01,18:14,본인 우리은행 포인트플러스 GRANDE(9*3*),상아약국,약국,"3,900",일시불,-,29602796,N,,0,,0,N
2025.12.01,18:11,본인 우리은행 포인트플러스 GRANDE(9*3*),스마트백평치과의원,치과,"50,000",일시불,-,22125795,N,,0,,0,N
2025.11.30,18:08,본인 우리은행 포인트플러스 GRANDE(9*3*),멘야이찌방,일식(횟집),"11,900",일시불,-,47997794,N,,0,0,0,Y
2025.11.30,16:46,본인 우리은행 포인트플러스 GRANDE(9*3*),모키커피앤티하우스,커피전문점,"7,500",일시불,-,55741793,N,,0,0,0,Y
2025.11.29,20:40,본인 우리은행 포인트플러스 GRANDE(9*3*),싸다김밥 신도림역점,기타일반음식,"8,500",일시불,-,37684792,N,,0,0,0,Y
2025.11.28,23:18,본인 우리은행 포인트플러스 GRANDE(9*3*),(주)우아한형제들_(주)우아한형제,PG(온라인),"31,300",일시불,-,45914791,N,,0,0,0,Y
2025.11.27,19:22,본인 우리은행 포인트플러스 GRANDE(9*3*),씨제이올리브네트웍스(주)개봉역북부점,화장품,"15,700",일시불,-,65126790,N,,0,0,0,Y
2025.11.27,18:31,본인 우리은행 포인트플러스 GRANDE(9*3*),마차이짬뽕,중식,"21,000",일시불,-,65662789,N,,0,0,0,Y
2025.11.27,13:31,본인 우리은행 포인트플러스 GRANDE(9*3*),스타벅스_충전_에스씨케이컴,상품권(온라인),"30,000",일시불,-,44238788,N,,0,0,0,Y
2025.11.26,12:49,본인 우리은행 포인트플러스 GRANDE(9*3*),GS25 고척사랑점,편의점,"7,900",일시불,-,64553787,N,,0,0,0,Y
2025.11.24,21:29,본인 우리은행 포인트플러스 GRANDE(9*3*),문화비_알라딘커뮤니케이션_알라딘커뮤니케이션_문화비,PG(온라인),"23,400",일시불,-,44036786,N,,0,0,0,Y
2025.11.24,20:41,본인 우리은행 포인트플러스 GRANDE(9*3*),GS25 고척사랑점,편의점,"10,880",일시불,-,47138785,N,,0,0,0,Y
2025.11.24,20:27,본인 우리은행 포인트플러스 GRANDE(9*3*),난연스시,일식(횟집),"25,500",일시불,-,65258784,N,,0,0,0,Y
2025.11.24,19:21,본인 우리은행 포인트플러스 GRANDE(9*3*),인터넷결제_KPN_3,PG_우대,"10,800",일시불,-,33570783,N,,0,0,0,Y
2025.11.23,19:03,본인 우리은행 포인트플러스 GRANDE(9*3*),주식회사 써브웨이신도림,패스트푸드점,"11,200",일시불,-,25138782,N,,0,0,0,Y
2025.11.23,18:45,본인 우리은행 포인트플러스 GRANDE(9*3*),구글페이먼트_구글페이먼트코리아,PG(오프라인),600,일시불,-,20961781,N,,0,0,0,Y
2025.11.23,14:43,본인 우리은행 포인트플러스 GRANDE(9*3*),스타벅스_주문_에스씨케이컴,PG(온라인),"6,800",일시불,-,48169780,N,,0,0,0,Y
2025.11.23,2:11,본인 우리은행 포인트플러스 GRANDE(9*3*),컬리_컬리페이_컬리_신용카드,PG(온라인),"40,840",일시불,-,25384779,N,,0,0,0,Y
2025.11.22,20:39,본인 우리은행 포인트플러스 GRANDE(9*3*),아도,커피전문점,"15,000",일시불,-,56074778,N,,0,0,0,Y
2025.11.22,14:24,본인 우리은행 포인트플러스 GRANDE(9*3*),치(CHI),양식,"14,500",일시불,-,32969777,N,,0,0,0,Y
2025.11.22,13:14,본인 우리은행 포인트플러스 GRANDE(9*3*),긴자료코 고척점,일식(횟집),"15,000",일시불,-,39410776,N,,0,0,0,Y
2025.11.21,17:30,본인 우리은행 포인트플러스 GRANDE(9*3*),우아한형제들_주식회사우,PG(온라인),"27,500",일시불,-,57470775,N,,0,0,0,Y
2025.11.20,14:49,본인 우리은행 포인트플러스 GRANDE(9*3*),카카오_멜론,PG(오프라인),"8,690",일시불,-,51637774,N,,0,0,0,Y
2025.11.20,12:24,본인 우리은행 포인트플러스 GRANDE(9*3*),주식회사 써브웨이신도림,패스트푸드점,"8,700",일시불,-,53645773,N,,0,0,0,Y
2025.11.20,6:28,본인 우리은행 포인트플러스 GRANDE(9*3*),주식회사 어반필드,스포츠센터,"432,500",할부,3 개월,63458772,N,,0,0,0,Y
2025.11.18,21:34,본인 우리은행 포인트플러스 GRANDE(9*3*),NICE_통신판매_NICE정보통신㈜,PG(오프라인),"9,900",일시불,-,54411771,N,,0,0,0,Y
2025.11.18,20:53,본인 우리은행 포인트플러스 GRANDE(9*3*),용오뎅 고척점,한식(한정식),"35,300",일시불,-,21038770,N,,0,0,0,Y
2025.11.18,18:22,본인 우리은행 포인트플러스 GRANDE(9*3*),맥도날드 고척DT점,패스트푸드점,"8,100",일시불,-,21165769,N,,0,0,0,Y
2025.11.16,21:56,본인 우리은행 포인트플러스 GRANDE(9*3*),잭슨피자 고척점,패밀리레스토랑,"7,920",일시불,-,53673768,N,,0,0,0,Y
2025.11.16,14:28,본인 우리은행 포인트플러스 GRANDE(9*3*),스타벅스_충전_에스씨케이컴,상품권(온라인),"30,000",일시불,-,55382767,N,,0,0,0,Y
2025.11.14,17:18,본인 우리은행 포인트플러스 GRANDE(9*3*),우아한형제들_주식회사우,PG(온라인),"9,300",일시불,-,20346766,N,,0,0,0,Y
2025.11.10,17:03,본인 우리은행 포인트플러스 GRANDE(9*3*),(주)보드게임카페레드버튼강남2호,기타레져업소,"7,200",일시불,-,22496765,N,,0,0,0,Y
2025.11.10,1:17,본인 우리은행 포인트플러스 GRANDE(9*3*),예스이십사도서_문화비_예스이십사주,PG(온라인),"69,700",할부,5 개월,59060764,N,,0,0,0,Y
2025.11.09,20:04,본인 우리은행 포인트플러스 GRANDE(9*3*),쿠팡(쿠페이),간편결제(온라인),"32,300",일시불,-,35869763,N,,0,0,0,Y
2025.11.08,16:10,본인 우리은행 포인트플러스 GRANDE(9*3*),브리즈 테이블 고척본점,양식,"5,500",일시불,-,38561762,N,,0,0,0,Y
2025.11.08,15:10,본인 우리은행 포인트플러스 GRANDE(9*3*),삼거리약국,약국,"4,000",일시불,-,41146761,N,,0,0,0,Y
2025.11.08,11:38,본인 우리은행 포인트플러스 GRANDE(9*3*),카카오(기프티콘)_다날,PG(온라인),"13,900",일시불,-,65332760,N,,0,0,0,Y
2025.11.07,21:24,본인 우리은행 포인트플러스 GRANDE(9*3*),이마트24 R고척중앙점,편의점,"12,400",일시불,-,28449759,N,,0,0,0,Y
2025.11.06,20:44,본인 우리은행 포인트플러스 GRANDE(9*3*),구일역1번약국,약국,"10,000",일시불,-,38069758,N,,0,0,0,Y
2025.11.06,14:26,본인 우리은행 포인트플러스 GRANDE(9*3*),GS SHOP_GS SHOP(인증),PG(온라인),"109,000",할부,5 개월,49144757,N,,0,0,0,Y
2025.11.01,20:03,본인 우리은행 포인트플러스 GRANDE(9*3*),리정원 경의선숲길 대흥점,한식(한정식),"21,750",일시불,-,28757756,N,,0,0,0,Y
2025.11.01,15:38,본인 우리은행 포인트플러스 GRANDE(9*3*),나이스 워크 투데이,커피전문점,"6,500",일시불,-,67221755,N,,0,0,0,Y
2025.11.01,1:34,본인 우리은행 포인트플러스 GRANDE(9*3*),(주)우아한형제들_(주)우아한형제,PG(온라인),"17,535",일시불,-,22583754,N,,0,0,0,Y
2025.10.31,19:24,본인 우리은행 포인트플러스 GRANDE(9*3*),다이소 고척동점,가정생활용품,"15,000",일시불,-,52457753,N,,0,0,0,Y
2025.10.31,17:16,본인 우리은행 포인트플러스 GRANDE(9*3*),쿠팡(쿠페이)_쿠팡(쿠페이),PG(온라인),"7,960",일시불,-,21635752,N,,0,0,0,Y
2025.10.31,16:20,본인 우리은행 포인트플러스 GRANDE(9*3*),쿠팡(쿠페이),간편결제(온라인),"7,960",일시불,-,61031751,Y,2025.10.31,"-7,960",,0,N
2025.10.30,16:32,본인 우리은행 포인트플러스 GRANDE(9*3*),이디야 고척사거리점,커피전문점,"3,200",일시불,-,44363750,N,,0,0,0,Y
2025.10.30,16:28,본인 우리은행 포인트플러스 GRANDE(9*3*),조이약국,약국,"5,000",일시불,-,40622749,N,,0,0,0,Y
2025.10.30,16:23,본인 우리은행 포인트플러스 GRANDE(9*3*),조준호이비인후과의원,이비인후과,"5,500",일시불,-,59907748,N,,0,0,0,Y
2025.10.30,16:02,본인 우리은행 포인트플러스 GRANDE(9*3*),연세사랑모아여성병원,산부인과,"38,900",일시불,-,63736747,N,,0,0,0,Y
2025.10.30,14:59,본인 우리은행 포인트플러스 GRANDE(9*3*),김밥왕국,기타일반음식,"10,000",일시불,-,38845746,N,,0,0,0,Y
2025.10.29,20:02,본인 우리은행 포인트플러스 GRANDE(9*3*),행복한백화점,백화점,"25,900",일시불,-,48721745,N,,0,0,0,Y
2025.10.29,11:56,본인 우리은행 포인트플러스 GRANDE(9*3*),일품마라탕,중식,"9,000",일시불,-,39241744,N,,0,0,0,Y
2025.10.29,11:41,본인 우리은행 포인트플러스 GRANDE(9*3*),아나파한방병원,한의원/한방병원,"36,100",일시불,-,29713743,N,,0,0,0,Y
2025.10.28,23:02,본인 우리은행 포인트플러스 GRANDE(9*3*),카페24_제이와이에스글로벌,PG(온라인),"40,800",일시불,-,63331742,N,,0,0,0,Y
2025.10.28,17:47,본인 우리은행 포인트플러스 GRANDE(9*3*),문화비_알라딘커뮤니케이션_알라딘커뮤니케이션_문화비,PG(온라인),"73,800",할부,5 개월,40301741,N,,0,0,0,Y
2025.10.28,15:14,본인 우리은행 포인트플러스 GRANDE(9*3*),경기마트 맘스점,슈퍼마켓,"22,540",일시불,-,54634740,N,,0,0,0,Y
2025.10.28,13:43,본인 우리은행 포인트플러스 GRANDE(9*3*),우아한형제들_주식회사 우아한형제들,PG(온라인),"12,800",일시불,-,67284739,N,,0,0,0,Y
2025.10.27,23:26,본인 우리은행 포인트플러스 GRANDE(9*3*),홈앤쇼핑_(주)홈앤쇼핑,PG(온라인),"44,910",일시불,-,54826738,N,,0,0,0,Y
2025.10.27,18:37,본인 우리은행 포인트플러스 GRANDE(9*3*),씨제이올리브영(주)고척아이파크몰점,화장품,"47,400",일시불,-,24510737,N,,0,0,0,Y
2025.10.27,17:59,본인 우리은행 포인트플러스 GRANDE(9*3*),에이치디씨현대산업개발(주)고척아이파크쇼핑센터,백화점,"14,000",일시불,-,59999736,N,,0,0,0,Y
2025.10.27,15:39,본인 우리은행 포인트플러스 GRANDE(9*3*),아나파한방병원,한의원/한방병원,"19,300",일시불,-,23358735,N,,0,0,0,Y
2025.10.26,21:46,본인 우리은행 포인트플러스 GRANDE(9*3*),(주)뉴스마트파킹,커피전문점,"1,000",일시불,-,30971734,N,,0,0,0,Y
2025.10.25,21:02,본인 우리은행 포인트플러스 GRANDE(9*3*),우아한형제들_주식회사우,PG(온라인),"29,800",일시불,-,50930733,N,,0,0,0,Y
2025.10.25,12:11,본인 우리은행 포인트플러스 GRANDE(9*3*),아나파한방병원,한의원/한방병원,"23,500",일시불,-,62242732,N,,0,0,0,Y
2025.10.24,15:25,본인 우리은행 포인트플러스 GRANDE(9*3*),우정사업본부(우체국),우체국서비스,"13,500",일시불,-,69129731,N,,0,0,0,Y
2025.10.24,15:25,본인 우리은행 포인트플러스 GRANDE(9*3*),(주)영화포장,비기계류제조업,700,일시불,-,65751730,N,,0,0,0,Y
2025.10.22,17:04,본인 우리은행 포인트플러스 GRANDE(9*3*),인터넷상거래_주식회사 인프랩,PG(온라인),"8,910",일시불,-,40373729,N,,0,0,0,Y
2025.10.22,9:20,본인 우리은행 포인트플러스 GRANDE(9*3*),쿠팡(쿠페이)_쿠팡(쿠페이),PG(온라인),"28,000",일시불,-,52740728,N,,0,0,0,Y
2025.10.22,0:28,본인 우리은행 포인트플러스 GRANDE(9*3*),쿠팡(쿠페이)_쿠팡(쿠페이),PG(온라인),"3,700",일시불,-,24613727,N,,0,0,0,Y
2025.10.21,19:54,본인 우리은행 포인트플러스 GRANDE(9*3*),고척칼국수,기타일반음식,"9,000",일시불,-,43147726,N,,0,0,0,Y
2025.10.20,18:49,본인 우리은행 포인트플러스 GRANDE(9*3*),김밥천국,기타일반음식,"4,000",일시불,-,39527725,N,,0,0,0,Y
2025.10.20,14:52,본인 우리은행 포인트플러스 GRANDE(9*3*),카카오_멜론,PG(오프라인),"8,690",일시불,-,42048724,N,,0,0,0,Y
2025.10.20,12:44,본인 우리은행 포인트플러스 GRANDE(9*3*),쥬씨 서울대녹두거리점,커피전문점,"4,800",일시불,-,66881723,N,,0,0,0,Y
2025.10.20,9:54,본인 우리은행 포인트플러스 GRANDE(9*3*),카공족 서울대벤처타운역점,독서실,"5,900",일시불,-,56823722,N,,0,0,0,Y
2025.10.19,17:05,본인 우리은행 포인트플러스 GRANDE(9*3*),쥬씨 서울대녹두거리점,커피전문점,"3,800",일시불,-,47841721,N,,0,0,0,Y
2025.10.19,14:30,본인 우리은행 포인트플러스 GRANDE(9*3*),쥬씨 서울대녹두거리점,커피전문점,"2,000",일시불,-,65437720,N,,0,0,0,Y
2025.10.19,14:25,본인 우리은행 포인트플러스 GRANDE(9*3*),심가면옥,한식(한정식),"10,000",일시불,-,24916719,N,,0,0,0,Y
2025.10.19,13:57,본인 우리은행 포인트플러스 GRANDE(9*3*),카공족 서울대벤처타운역점,독서실,"5,900",일시불,-,67619718,N,,0,0,0,Y
2025.10.18,22:15,본인 우리은행 포인트플러스 GRANDE(9*3*),구글페이먼트_구글페이먼트코리아,PG(오프라인),"6,000",일시불,-,50790717,N,,0,0,0,Y
2025.10.18,21:34,본인 우리은행 포인트플러스 GRANDE(9*3*),NICE_통신판매_NICE정보통신㈜,PG(오프라인),"9,900",일시불,-,35481716,N,,0,0,0,Y
2025.10.18,20:42,본인 우리은행 포인트플러스 GRANDE(9*3*),벌툰 몽유도원 고척점,기타일반음식,"12,500",일시불,-,26840715,N,,0,0,0,Y
2025.10.18,17:30,본인 우리은행 포인트플러스 GRANDE(9*3*),(유)아웃백스테이크하우스 고척아이파크몰점,패밀리레스토랑,"65,280",일시불,-,37359714,N,,0,0,0,Y
2025.10.18,14:58,본인 우리은행 포인트플러스 GRANDE(9*3*),에이치디씨현대산업개발(주)고척아이파크쇼핑센터,백화점,"12,900",일시불,-,68635713,N,,0,0,0,Y
2025.10.17,20:03,본인 우리은행 포인트플러스 GRANDE(9*3*),(주)우아한형제들_주식회사 우아한형제들,PG(온라인),"24,400",일시불,-,32977712,N,,0,0,0,Y
2025.10.16,21:40,본인 우리은행 포인트플러스 GRANDE(9*3*),다이소 고척동점,가정생활용품,"28,200",일시불,-,38463711,N,,0,0,0,Y
2025.10.16,18:02,본인 우리은행 포인트플러스 GRANDE(9*3*),으뜸50안경 고척점,안경점,"102,000",할부,5 개월,30078710,N,,0,0,0,Y
2025.10.15,23:03,본인 우리은행 포인트플러스 GRANDE(9*3*),GS25 고척사랑점,편의점,700,일시불,-,64383709,N,,0,0,0,Y
2025.10.15,15:52,본인 우리은행 포인트플러스 GRANDE(9*3*),경기마트 맘스점,슈퍼마켓,"2,600",일시불,-,34374708,N,,0,0,0,Y
2025.10.15,9:52,본인 우리은행 포인트플러스 GRANDE(9*3*),스타벅스_충전_에스씨케이컴,상품권(온라인),"10,000",일시불,-,26455707,N,,0,0,0,Y
2025.10.14,20:56,본인 우리은행 포인트플러스 GRANDE(9*3*),주식회사 리베르 구로1지점,기타(용역)서비스,70,일시불,-,35691706,N,,0,0,0,Y
2025.10.14,10:39,본인 우리은행 포인트플러스 GRANDE(9*3*),세외수입_KICC(인터넷)_한국데이터산업,PG(온라인),"50,000",할부,5 개월,67781705,Y,2025.10.29,"-25,000",0,0,Y
2025.10.14,10:17,본인 우리은행 포인트플러스 GRANDE(9*3*),모닝글로리 동양미래대점,문구,"2,800",일시불,-,69145704,N,,0,0,0,Y
2025.10.13,22:02,본인 우리은행 포인트플러스 GRANDE(9*3*),지에스(GS)25 고척센츄리점,편의점,"9,500",일시불,-,30701703,N,,0,0,0,Y
2025.10.13,22:00,본인 우리은행 포인트플러스 GRANDE(9*3*),오늘제빵소,제과점/아이스크림점,"7,000",일시불,-,55610702,N,,0,0,0,Y
2025.10.13,16:51,본인 우리은행 포인트플러스 GRANDE(9*3*),프랭크버거 구로고척점,패스트푸드점,"8,800",일시불,-,47683701,N,,0,0,0,Y
2025.10.13,16:48,본인 우리은행 포인트플러스 GRANDE(9*3*),스마트백평치과의원,치과,"50,000",일시불,-,31336700,N,,0,0,0,Y
2025.10.13,15:10,본인 우리은행 포인트플러스 GRANDE(9*3*),브루클린커피,커피전문점,"4,800",일시불,-,55170699,N,,0,0,0,Y
2025.10.13,14:12,본인 우리은행 포인트플러스 GRANDE(9*3*),SK텔레콤(자동납부),통신비(시청료),"73,650",일시불,-,24943698,N,,0,0,0,Y
2025.10.13,10:55,본인 우리은행 포인트플러스 GRANDE(9*3*),CJ 올리브영_국내_CJ올리브영주식회,PG(온라인),"70,900",할부,5 개월,35640697,N,,0,0,0,Y
2025.10.11,22:41,본인 우리은행 포인트플러스 GRANDE(9*3*),(주)하나음향 보가코인노래연습장,노래방,"1,000",일시불,-,29525696,N,,0,0,0,Y
2025.10.11,22:40,본인 우리은행 포인트플러스 GRANDE(9*3*),(주)하나음향 보가코인노래연습장,노래방,"1,000",일시불,-,39262695,N,,0,0,0,Y
2025.10.11,22:38,본인 우리은행 포인트플러스 GRANDE(9*3*),(주)하나음향 보가코인노래연습장,노래방,"3,300",일시불,-,53995694,N,,0,0,0,Y
2025.10.11,21:30,본인 우리은행 포인트플러스 GRANDE(9*3*),용오뎅 고척점,한식(한정식),"53,200",일시불,-,65981693,N,,0,0,0,Y
2025.10.11,8:24,본인 우리은행 포인트플러스 GRANDE(9*3*),경기마트 맘스점,슈퍼마켓,"10,950",일시불,-,69699692,N,,0,0,0,Y
2025.10.09,20:56,본인 우리은행 포인트플러스 GRANDE(9*3*),경기마트 맘스점,슈퍼마켓,"14,190",일시불,-,27683691,N,,0,0,0,Y
2025.10.08,22:47,본인 우리은행 포인트플러스 GRANDE(9*3*),한마음슈퍼,슈퍼마켓,700,일시불,-,32335690,N,,0,0,0,Y
2025.10.08,21:35,본인 우리은행 포인트플러스 GRANDE(9*3*),에이치디씨현대산업개발(주)고척아이파크쇼핑센터,백화점,"6,100",일시불,-,29117689,N,,0,0,0,Y
2025.10.08,21:29,본인 우리은행 포인트플러스 GRANDE(9*3*),씨제이올리브영(주)고척아이파크몰점,화장품,"19,900",일시불,-,30472688,N,,0,0,0,Y
2025.10.08,16:20,본인 우리은행 포인트플러스 GRANDE(9*3*),인터넷상거래_에스케이텔레콤(주),PG(온라인),990,일시불,-,56269687,N,,0,0,0,Y
2025.10.08,15:26,본인 우리은행 포인트플러스 GRANDE(9*3*),맥도날드 고척DT점,패스트푸드점,"12,500",일시불,-,29715686,N,,0,0,0,Y
2025.10.08,12:06,본인 우리은행 포인트플러스 GRANDE(9*3*),스타벅스_충전_에스씨케이컴,상품권(온라인),"10,000",일시불,-,42247685,N,,0,0,0,Y
2025.10.07,22:40,본인 우리은행 포인트플러스 GRANDE(9*3*),(주)하나음향 보가코인노래연습장,노래방,"3,300",일시불,-,58813684,N,,0,0,0,Y
2025.10.07,21:40,본인 우리은행 포인트플러스 GRANDE(9*3*),(주)하나음향 보가코인노래연습장,노래방,"5,500",일시불,-,67785683,N,,0,0,0,Y
2025.10.07,21:36,본인 우리은행 포인트플러스 GRANDE(9*3*),GS25고척점,편의점,700,일시불,-,50797682,N,,0,0,0,Y
2025.10.07,12:57,본인 우리은행 포인트플러스 GRANDE(9*3*),쿠우쿠우 구로점,일식(횟집),"34,900",일시불,-,48709681,N,,0,0,0,Y
2025.10.07,0:17,본인 우리은행 포인트플러스 GRANDE(9*3*),인터넷상거래_주식회사 와이즐리컴퍼니,PG(온라인),"58,550",일시불,-,50069680,N,,0,0,0,Y
2025.10.05,20:07,본인 우리은행 포인트플러스 GRANDE(9*3*),씨유(CU)신원프라자점,편의점,"2,400",일시불,-,43170679,N,,0,0,0,Y
2025.10.05,18:02,본인 우리은행 포인트플러스 GRANDE(9*3*),씨유(CU)신원프라자점,편의점,"2,050",일시불,-,36193678,N,,0,0,0,Y
2025.10.05,0:52,본인 우리은행 포인트플러스 GRANDE(9*3*),GS25 고척사랑점,편의점,"8,500",일시불,-,45173677,N,,0,0,0,Y
2025.10.05,0:32,본인 우리은행 포인트플러스 GRANDE(9*3*),금별맥주 동양미래대점,호프/소주,"25,900",일시불,-,41146676,N,,0,0,0,Y
2025.10.04,22:26,본인 우리은행 포인트플러스 GRANDE(9*3*),GS25 고척사랑점,편의점,"1,100",일시불,-,69027675,N,,0,0,0,Y
2025.10.03,21:25,본인 우리은행 포인트플러스 GRANDE(9*3*),세븐일레븐 고척점,편의점,"5,000",일시불,-,41615674,N,,0,0,0,Y
2025.10.03,21:05,본인 우리은행 포인트플러스 GRANDE(9*3*),육회바른연어 고척스카이점,한식(한정식),"15,400",일시불,-,62580673,N,,0,0,0,Y
2025.10.02,17:52,본인 우리은행 포인트플러스 GRANDE(9*3*),(주)우아한형제들_주식회사 우아,PG(온라인),"12,000",일시불,-,48594672,N,,0,0,0,Y
2025.10.01,23:23,본인 우리은행 포인트플러스 GRANDE(9*3*),이마트24 R고척중앙점,편의점,"9,700",일시불,-,44927671,N,,0,0,0,Y
2025.10.01,9:26,본인 우리은행 포인트플러스 GRANDE(9*3*),인터넷상거래_주식회사 인프랩,PG(온라인),"38,900",일시불,-,36256670,N,,0,0,0,Y
2025.09.28,22:53,본인 우리은행 포인트플러스 GRANDE(9*3*),CJ CGV_상품_오프라인,PG(오프라인),"5,000",일시불,-,51804669,N,,0,0,0,Y
2025.09.28,20:13,본인 우리은행 포인트플러스 GRANDE(9*3*),(주)에스케이플래닛_문화비_Cul_에스케이 플,PG(온라인),"7,500",일시불,-,45138668,N,,0,0,0,Y
2025.09.28,15:37,본인 우리은행 포인트플러스 GRANDE(9*3*),(주)에스케이플래닛_문화비,PG(온라인),"8,000",일시불,-,47737667,Y,2025.09.28,"-8,000",,0,N
2025.09.28,15:15,본인 우리은행 포인트플러스 GRANDE(9*3*),에이치디씨현대산업개발(주)고척아이파크쇼핑센터,백화점,"4,000",일시불,-,20748666,N,,0,0,0,Y
2025.09.28,15:09,본인 우리은행 포인트플러스 GRANDE(9*3*),(주)교보문고,서적(서점),100,일시불,-,64593665,N,,0,0,0,Y
2025.09.28,15:09,본인 우리은행 포인트플러스 GRANDE(9*3*),(주)교보문고,서적(서점),"40,000",일시불,-,50946664,N,,0,0,0,Y
2025.09.28,14:33,본인 우리은행 포인트플러스 GRANDE(9*3*),샤브향기 주식회사,한식(한정식),"15,900",일시불,-,41423663,N,,0,0,0,Y
2025.09.27,19:31,본인 우리은행 포인트플러스 GRANDE(9*3*),미분당 고척점,기타일반음식,"9,500",일시불,-,57666662,N,,0,0,0,Y
2025.09.27,10:46,본인 우리은행 포인트플러스 GRANDE(9*3*),스타벅스코리아,커피전문점,"6,700",일시불,-,33022661,N,,0,0,0,Y
2025.09.27,10:37,본인 우리은행 포인트플러스 GRANDE(9*3*),신선설농탕 고척점,한식(한정식),"12,000",일시불,-,54382660,N,,0,0,0,Y
2025.09.26,19:14,본인 우리은행 포인트플러스 GRANDE(9*3*),(주)하나음향 보가코인노래연습장,노래방,"2,000",일시불,-,25691659,N,,0,0,0,Y
2025.09.25,17:19,본인 우리은행 포인트플러스 GRANDE(9*3*),우아한형제들_주식회사우,PG(온라인),"26,500",일시불,-,60062658,N,,0,0,0,Y
2025.09.23,8:58,본인 우리은행 포인트플러스 GRANDE(9*3*),GS25 고척사랑점,편의점,"4,100",일시불,-,39728657,N,,0,0,0,Y
2025.09.23,8:56,본인 우리은행 포인트플러스 GRANDE(9*3*),파리바게트 고척시장점,제과점/아이스크림점,"3,300",일시불,-,41737656,N,,0,0,0,Y
2025.09.22,21:35,본인 우리은행 포인트플러스 GRANDE(9*3*),우아한형제들_주식회사우,PG(온라인),"32,000",일시불,-,39001655,N,,0,0,0,Y
2025.09.21,15:14,본인 우리은행 포인트플러스 GRANDE(9*3*),이마트24 R고척중앙점,편의점,"1,000",일시불,-,59666654,N,,0,0,0,Y
2025.09.21,14:55,본인 우리은행 포인트플러스 GRANDE(9*3*),이마트24 R고척중앙점,편의점,"8,000",일시불,-,47054653,N,,0,0,0,Y
2025.09.20,21:27,본인 우리은행 포인트플러스 GRANDE(9*3*),세븐일레븐 M신도림역점,편의점,"1,200",일시불,-,27101652,N,,0,0,0,Y
2025.09.20,15:42,본인 우리은행 포인트플러스 GRANDE(9*3*),파리바게트 신도림점,제과점/아이스크림점,"11,900",일시불,-,31340651,N,,0,0,0,Y
2025.09.20,15:05,본인 우리은행 포인트플러스 GRANDE(9*3*),카카오_멜론,PG(오프라인),"8,690",일시불,-,28971650,N,,0,0,0,Y
2025.09.20,12:42,본인 우리은행 포인트플러스 GRANDE(9*3*),신도약국,약국,"10,000",일시불,-,25406649,N,,0,0,0,Y
2025.09.20,12:41,본인 우리은행 포인트플러스 GRANDE(9*3*),신도약국,약국,"11,400",일시불,-,50983648,N,,0,0,0,Y
2025.09.20,12:37,본인 우리은행 포인트플러스 GRANDE(9*3*),이기천이비인후과,이비인후과,"11,300",일시불,-,30948647,N,,0,0,0,Y
2025.09.20,0:45,본인 우리은행 포인트플러스 GRANDE(9*3*),CJ제일제당(인증),PG(온라인),"35,098",일시불,-,39011646,N,,0,0,0,Y
2025.09.18,23:54,본인 우리은행 포인트플러스 GRANDE(9*3*),씨유(CU)덕의초교점,편의점,"6,400",일시불,-,40969645,N,,0,0,0,Y
2025.09.18,21:34,본인 우리은행 포인트플러스 GRANDE(9*3*),NICE_통신판매_NICE페이먼츠,PG(오프라인),"9,900",일시불,-,52888644,N,,0,0,0,Y
2025.09.18,16:04,본인 우리은행 포인트플러스 GRANDE(9*3*),경기마트 맘스점,슈퍼마켓,"9,190",일시불,-,42459643,N,,0,0,0,Y
2025.09.18,15:50,본인 우리은행 포인트플러스 GRANDE(9*3*),다이소 고척동점,가정생활용품,"1,000",일시불,-,32992642,N,,0,0,0,Y
2025.09.17,13:30,본인 우리은행 포인트플러스 GRANDE(9*3*),맘스터치 동양미래대점,패스트푸드점,"5,000",일시불,-,21717641,N,,0,0,0,Y
2025.09.17,10:54,본인 우리은행 포인트플러스 GRANDE(9*3*),유풍약국,약국,"6,000",일시불,-,47657640,N,,0,0,0,Y
2025.09.17,10:54,본인 우리은행 포인트플러스 GRANDE(9*3*),유풍약국,약국,"5,500",일시불,-,30358639,N,,0,0,0,Y
2025.09.17,10:44,본인 우리은행 포인트플러스 GRANDE(9*3*),투썸플레이스 동양미래대점,커피전문점,"5,800",일시불,-,65578638,N,,0,0,0,Y
2025.09.15,22:41,본인 우리은행 포인트플러스 GRANDE(9*3*),GS25 고척사랑점,편의점,"6,600",일시불,-,41007637,N,,0,0,0,Y
2025.09.14,20:47,본인 우리은행 포인트플러스 GRANDE(9*3*),이마트24 R고척중앙점,편의점,"2,100",일시불,-,24072636,N,,0,0,0,Y
2025.09.14,19:42,본인 우리은행 포인트플러스 GRANDE(9*3*),써브웨이(동양미래대점),기타일반음식,"7,800",일시불,-,31632635,N,,0,0,0,Y
2025.09.14,16:42,본인 우리은행 포인트플러스 GRANDE(9*3*),에버애프터,커피전문점,"4,700",일시불,-,22669634,N,,0,0,0,Y
2025.09.14,16:23,본인 우리은행 포인트플러스 GRANDE(9*3*),데이앤나잇(편의점),편의점,"2,000",일시불,-,26829633,N,,0,0,0,Y
2025.09.14,13:31,본인 우리은행 포인트플러스 GRANDE(9*3*),경기마트 맘스점,슈퍼마켓,"3,330",일시불,-,69698632,N,,0,0,0,Y
2025.09.14,10:18,본인 우리은행 포인트플러스 GRANDE(9*3*),스타벅스코리아,커피전문점,"7,900",일시불,-,30427631,N,,0,0,0,Y
2025.09.13,15:43,본인 우리은행 포인트플러스 GRANDE(9*3*),스타벅스코리아,커피전문점,"8,500",일시불,-,36089630,N,,0,0,0,Y
2025.09.13,15:22,본인 우리은행 포인트플러스 GRANDE(9*3*),씨제이올리브네트웍스(주) 대흥역점,화장품,"9,500",일시불,-,20878629,N,,0,0,0,Y
2025.09.13,13:50,본인 우리은행 포인트플러스 GRANDE(9*3*),백소정 동양미래대점,일식(횟집),"16,500",일시불,-,60767628,N,,0,0,0,Y
2025.09.12,20:19,본인 우리은행 포인트플러스 GRANDE(9*3*),(주)우아한형제들_주식회사 우아한형제들,PG(온라인),"28,500",일시불,-,39650627,N,,0,0,0,Y
2025.09.12,15:17,본인 우리은행 포인트플러스 GRANDE(9*3*),구글페이먼트_구글페이먼트코리아,PG(오프라인),"5,000",일시불,-,58209626,N,,0,0,0,Y
2025.09.12,13:38,본인 우리은행 포인트플러스 GRANDE(9*3*),청이,중식,"6,000",일시불,-,34897625,N,,0,0,0,Y
2025.09.11,21:41,본인 우리은행 포인트플러스 GRANDE(9*3*),이마트24 R고척중앙점,편의점,"6,400",일시불,-,31673624,N,,0,0,0,Y
2025.09.11,14:11,본인 우리은행 포인트플러스 GRANDE(9*3*),SK텔레콤(자동납부),통신비(시청료),"53,040",일시불,-,29470623,N,,0,0,0,Y
2025.09.10,22:14,본인 우리은행 포인트플러스 GRANDE(9*3*),(주)우아한형제들_(주)우아한형제,PG(온라인),"29,800",일시불,-,29578622,N,,0,0,0,Y
2025.09.10,18:58,본인 우리은행 포인트플러스 GRANDE(9*3*),이삭토스트 동양미래대점,기타일반음식,"7,300",일시불,-,51299621,N,,0,0,0,Y
2025.09.09,18:58,본인 우리은행 포인트플러스 GRANDE(9*3*),파리바게트 고척시장점,제과점/아이스크림점,"3,900",일시불,-,20483620,N,,0,0,0,Y
2025.09.09,18:54,본인 우리은행 포인트플러스 GRANDE(9*3*),경기마트 맘스점,슈퍼마켓,"24,020",일시불,-,67331619,N,,0,0,0,Y
2025.09.07,21:17,본인 우리은행 포인트플러스 GRANDE(9*3*),KOCES_자판기_0,PG_우대,"3,000",일시불,-,59639618,N,,0,0,0,Y
2025.09.07,20:47,본인 우리은행 포인트플러스 GRANDE(9*3*),씨제이올리브영(주)영등포역점,화장품,"5,000",일시불,-,31306617,N,,0,0,0,Y
2025.09.07,20:17,본인 우리은행 포인트플러스 GRANDE(9*3*),(주)교보문고,서적(서점),"34,000",일시불,-,66610616,N,,0,0,0,Y
2025.09.07,20:17,본인 우리은행 포인트플러스 GRANDE(9*3*),(주)교보문고,서적(서점),"17,920",일시불,-,35175615,N,,0,0,0,Y
2025.09.07,15:13,본인 우리은행 포인트플러스 GRANDE(9*3*),브래댄코(고척점),제과점/아이스크림점,"8,100",일시불,-,66363614,N,,0,0,0,Y
2025.09.07,14:26,본인 우리은행 포인트플러스 GRANDE(9*3*),버거리 고척점,패스트푸드점,"11,300",일시불,-,30302613,N,,0,0,0,Y
2025.09.06,21:02,본인 우리은행 포인트플러스 GRANDE(9*3*),구글페이먼트_구글페이먼트코리아,PG(오프라인),"4,250",일시불,-,43652612,N,,0,0,0,Y
2025.09.06,3:29,본인 우리은행 포인트플러스 GRANDE(9*3*),GS25 고척사랑점,편의점,"8,900",일시불,-,57777611,N,,0,0,0,Y
2025.09.06,2:30,본인 우리은행 포인트플러스 GRANDE(9*3*),(주)하나음향 보가코인노래연습장,노래방,"3,300",일시불,-,35479610,N,,0,0,0,Y
2025.09.06,0:18,본인 우리은행 포인트플러스 GRANDE(9*3*),이마트24 R고척중앙점,편의점,"2,200",일시불,-,25589609,N,,0,0,0,Y
2025.09.05,12:09,본인 우리은행 포인트플러스 GRANDE(9*3*),메가엠지씨커피 구로고척시장점,커피전문점,"2,100",일시불,-,58784608,N,,0,0,0,Y
2025.09.05,11:35,본인 우리은행 포인트플러스 GRANDE(9*3*),닐리스쉐프,양식,"25,300",일시불,-,46008607,N,,0,0,0,Y
2025.09.03,20:26,본인 우리은행 포인트플러스 GRANDE(9*3*),GS25 고척사랑점,편의점,"9,900",일시불,-,32376606,N,,0,0,0,Y
2025.09.02,13:33,본인 우리은행 포인트플러스 GRANDE(9*3*),이니시스_YBM전용_와이비엠넷,PG(온라인),"1,500",일시불,-,56557605,N,,0,0,0,Y
2025.09.01,22:54,본인 우리은행 포인트플러스 GRANDE(9*3*),까까멜레온 고척점,기타음료식품,"3,000",일시불,-,49059604,N,,0,0,0,Y
2025.08.30,18:11,본인 우리은행 포인트플러스 GRANDE(9*3*),카카오(CNT)_이니시스_씨엔티테크베,PG(온라인),"3,000",일시불,-,33573603,N,,0,0,0,Y
2025.08.29,19:43,본인 우리은행 포인트플러스 GRANDE(9*3*),CJ 올리브영_국내_CJ올리브영주식회,PG(온라인),"83,180",할부,5 개월,45891602,N,,0,0,0,Y
2025.08.26,18:40,본인 우리은행 포인트플러스 GRANDE(9*3*),이마트24 R고척중앙점,편의점,"6,000",일시불,-,29168601,N,,0,0,0,Y
2025.08.24,15:55,본인 우리은행 포인트플러스 GRANDE(9*3*),에버애프터,커피전문점,"6,000",일시불,-,24807600,N,,0,0,0,Y
2025.08.24,0:32,본인 우리은행 포인트플러스 GRANDE(9*3*),이니시스_YBM전용_와이비엠넷,PG(온라인),"84,000",할부,5 개월,22859599,N,,0,0,0,Y
2025.08.23,11:42,본인 우리은행 포인트플러스 GRANDE(9*3*),주식회사 리베르 구로1지점,기타(용역)서비스,250,일시불,-,30120598,N,,0,0,0,Y
2025.08.23,3:03,본인 우리은행 포인트플러스 GRANDE(9*3*),24시 무인카페아이스크림할인점 구로고척점,커피전문점,"1,200",일시불,-,28713597,N,,0,0,0,Y
2025.08.22,22:39,본인 우리은행 포인트플러스 GRANDE(9*3*),세븐일레븐 고척점,편의점,"2,300",일시불,-,34265596,N,,0,0,0,Y
2025.08.22,15:52,본인 우리은행 포인트플러스 GRANDE(9*3*),벌툰 몽유도원 고척점,기타일반음식,"14,900",일시불,-,67941595,N,,0,0,0,Y
2025.08.22,13:50,본인 우리은행 포인트플러스 GRANDE(9*3*),벌툰 몽유도원 고척점,기타일반음식,"9,900",일시불,-,45163594,N,,0,0,0,Y
2025.08.22,13:20,본인 우리은행 포인트플러스 GRANDE(9*3*),카카오_선물하기,PG(온라인),"23,500",일시불,-,24966593,N,,0,0,0,Y
2025.08.22,9:30,본인 우리은행 포인트플러스 GRANDE(9*3*),이삭토스트 동양미래대점,기타일반음식,"8,100",일시불,-,67639592,N,,0,0,0,Y
2025.08.21,13:39,본인 우리은행 포인트플러스 GRANDE(9*3*),(주)하나음향 보가코인노래연습장,노래방,"2,000",일시불,-,47269591,N,,0,0,0,Y
2025.08.21,13:30,본인 우리은행 포인트플러스 GRANDE(9*3*),늘상식당,한식(한정식),"11,000",일시불,-,37817590,N,,0,0,0,Y
2025.08.20,20:57,본인 우리은행 포인트플러스 GRANDE(9*3*),홍콩반점 고척동양대점,중식,"12,500",일시불,-,30991589,N,,0,0,0,Y
2025.08.20,14:49,본인 우리은행 포인트플러스 GRANDE(9*3*),카카오_멜론,PG(오프라인),"8,690",일시불,-,45407588,N,,0,0,0,Y
2025.08.20,13:48,본인 우리은행 포인트플러스 GRANDE(9*3*),본죽&비빔밥 고척동양대점,한식(한정식),"11,000",일시불,-,35452587,N,,0,0,0,Y
2025.08.20,8:58,본인 우리은행 포인트플러스 GRANDE(9*3*),백억커피 구로고척점,커피전문점,"14,000",일시불,-,55216586,N,,0,0,0,Y
2025.08.19,18:32,본인 우리은행 포인트플러스 GRANDE(9*3*),투썸플레이스 동양미래대점,커피전문점,"12,600",일시불,-,22070585,N,,0,0,0,Y
2025.08.19,7:04,본인 우리은행 포인트플러스 GRANDE(9*3*),스페이스365스터디카페,독서실,"130,000",할부,5 개월,35172584,N,,0,0,0,Y
2025.08.18,21:34,본인 우리은행 포인트플러스 GRANDE(9*3*),NICE_통신판매_NICE페이먼츠,PG(오프라인),"9,900",일시불,-,32325583,N,,0,0,0,Y
2025.08.18,13:23,본인 우리은행 포인트플러스 GRANDE(9*3*),호호왕만두,기타일반음식,"12,000",일시불,-,38866582,N,,0,0,0,Y
2025.08.18,13:11,본인 우리은행 포인트플러스 GRANDE(9*3*),메가엠지씨커피 구로고척점,커피전문점,"1,680",일시불,-,45950581,N,,0,0,0,Y
2025.08.18,13:06,본인 우리은행 포인트플러스 GRANDE(9*3*),스마트백평치과의원,치과,"50,000",일시불,-,38649580,N,,0,0,0,Y
2025.08.17,11:09,본인 우리은행 포인트플러스 GRANDE(9*3*),(주)초이락홀딩스,커피전문점,"5,000",일시불,-,24927579,N,,0,0,0,Y
2025.08.17,2:08,본인 우리은행 포인트플러스 GRANDE(9*3*),한국철도공사(승차권발매),철도,"86,600",할부,3 개월,44742578,Y,2025.09.02,"-5,400",0,0,Y
2025.08.16,16:29,본인 우리은행 포인트플러스 GRANDE(9*3*),제일식품,슈퍼마켓,"2,200",일시불,-,40242577,N,,0,0,0,Y
2025.08.16,8:38,본인 우리은행 포인트플러스 GRANDE(9*3*),인터넷상거래_주식회사 브랜드501,PG(온라인),"34,500",일시불,-,42236576,N,,0,0,0,Y
2025.08.16,8:19,본인 우리은행 포인트플러스 GRANDE(9*3*),대표_다날_3,PG_우대,"29,800",일시불,-,25703575,N,,0,0,0,Y
2025.08.15,21:30,본인 우리은행 포인트플러스 GRANDE(9*3*),양키통닭,기타일반음식,"69,500",일시불,-,31717574,N,,0,0,0,Y
2025.08.15,14:39,본인 우리은행 포인트플러스 GRANDE(9*3*),주식회사 씨씨오씨,기타대행업,"26,300",일시불,-,41759573,N,,0,0,0,Y
2025.08.15,12:27,본인 우리은행 포인트플러스 GRANDE(9*3*),네이버파이낸셜㈜_네이버,전자상거래(온라인),"40,000",일시불,-,30553572,N,,0,0,0,Y
2025.08.14,21:47,본인 우리은행 포인트플러스 GRANDE(9*3*),도도아이스랜드 고척2호점,기타음료식품,"7,500",일시불,-,61351571,N,,0,0,0,Y
2025.08.14,21:43,본인 우리은행 포인트플러스 GRANDE(9*3*),GS25 고척사랑점,편의점,"7,400",일시불,-,33490570,N,,0,0,0,Y
2025.08.13,8:03,본인 우리은행 포인트플러스 GRANDE(9*3*),(주)우아한형제들_(주)우아한형제,PG(온라인),"21,600",일시불,-,27318569,N,,0,0,0,Y
2025.08.12,21:51,본인 우리은행 포인트플러스 GRANDE(9*3*),(주)우아한형제들_주식회사 우아한형제들,PG(온라인),"13,200",일시불,-,47035568,N,,0,0,0,Y
2025.08.11,14:54,본인 우리은행 포인트플러스 GRANDE(9*3*),도도아이스랜드 고척2호점,기타음료식품,"7,000",일시불,-,49507567,N,,0,0,0,Y
2025.08.11,14:11,본인 우리은행 포인트플러스 GRANDE(9*3*),SK텔레콤(자동납부),통신비(시청료),"80,870",일시불,-,34349566,N,,0,0,0,Y
2025.08.11,10:19,본인 우리은행 포인트플러스 GRANDE(9*3*),써브웨이(동양미래대점),기타일반음식,"8,700",일시불,-,62057565,N,,0,0,0,Y
2025.08.11,10:09,본인 우리은행 포인트플러스 GRANDE(9*3*),주식회사 리베르 구로1지점,기타(용역)서비스,"3,400",일시불,-,31543564,N,,0,0,0,Y
2025.08.11,10:02,본인 우리은행 포인트플러스 GRANDE(9*3*),주식회사 리베르 구로1지점,기타(용역)서비스,"16,750",일시불,-,43940563,N,,0,0,0,Y
2025.08.11,10:00,본인 우리은행 포인트플러스 GRANDE(9*3*),인터넷상거래_3_주식회사 퓨쳐스콜레,PG_우대,"11,000",일시불,-,26150562,N,,0,0,0,Y
2025.08.11,9:52,본인 우리은행 포인트플러스 GRANDE(9*3*),주식회사 리베르 구로1지점,기타(용역)서비스,910,일시불,-,50011561,N,,0,0,0,Y
2025.08.10,19:53,본인 우리은행 포인트플러스 GRANDE(9*3*),메가엠지씨커피 동양미래대학점,커피전문점,"4,400",일시불,-,51168560,N,,0,0,0,Y
2025.08.10,19:32,본인 우리은행 포인트플러스 GRANDE(9*3*),(주)하나음향 보가코인노래연습장,노래방,"2,000",일시불,-,34093559,N,,0,0,0,Y
2025.08.10,19:06,본인 우리은행 포인트플러스 GRANDE(9*3*),홍콩반점 고척동양대점,중식,"11,900",일시불,-,41975558,N,,0,0,0,Y
2025.08.10,13:18,본인 우리은행 포인트플러스 GRANDE(9*3*),(주)하나음향 보가코인노래연습장,노래방,"3,300",일시불,-,62352557,N,,0,0,0,Y
2025.08.10,12:32,본인 우리은행 포인트플러스 GRANDE(9*3*),고좌리 뼈칼국수,기타일반음식,"10,000",일시불,-,27724556,N,,0,0,0,Y
2025.08.09,0:44,본인 우리은행 포인트플러스 GRANDE(9*3*),GS25 고척사랑점,편의점,"5,300",일시불,-,28867555,N,,0,0,0,Y
2025.08.09,0:29,본인 우리은행 포인트플러스 GRANDE(9*3*),주식회사 리베르 구로1지점,기타(용역)서비스,750,일시불,-,25579554,N,,0,0,0,Y
2025.08.09,0:28,본인 우리은행 포인트플러스 GRANDE(9*3*),주식회사 리베르 구로1지점,기타(용역)서비스,750,일시불,-,62476553,N,,0,0,0,Y
2025.08.08,11:45,본인 우리은행 포인트플러스 GRANDE(9*3*),세븐일레븐 청주우암세원점,편의점,"3,800",일시불,-,50311552,N,,0,0,0,Y
2025.08.07,20:54,본인 우리은행 포인트플러스 GRANDE(9*3*),(주)우아한형제들_주식회사 우아한형제들,PG(온라인),"20,000",일시불,-,34872551,N,,0,0,0,Y
2025.08.06,10:43,본인 우리은행 포인트플러스 GRANDE(9*3*),씨유(CU) 청주우암공원점,편의점,"18,300",일시불,-,29562550,N,,0,0,0,Y
2025.08.05,17:04,본인 우리은행 포인트플러스 GRANDE(9*3*),씨유(CU) 청주우암공원점,편의점,"6,900",일시불,-,44781549,N,,0,0,0,Y
2025.08.05,13:37,본인 우리은행 포인트플러스 GRANDE(9*3*),인터넷상거래_(주)여기어때컴퍼니,PG(온라인),"177,000",할부,5 개월,38031548,N,,0,0,0,Y
2025.08.04,18:31,본인 우리은행 포인트플러스 GRANDE(9*3*),(주)우아한형제들_(주)우아한형제,PG(온라인),"22,100",일시불,-,41340547,N,,0,0,0,Y
2025.08.04,14:01,본인 우리은행 포인트플러스 GRANDE(9*3*),인터넷상거래_(주)여기어때컴퍼니,PG(온라인),"52,000",할부,5 개월,23812546,N,,0,0,0,Y
2025.08.04,10:29,본인 우리은행 포인트플러스 GRANDE(9*3*),세외수입_KICC(인터넷)_1_한국데이터산업,PG_우대,"17,800",일시불,-,50823545,N,,0,0,0,Y
2025.08.03,21:36,본인 우리은행 포인트플러스 GRANDE(9*3*),(주)우아한형제들_(주)우아한형제,PG(온라인),"29,600",일시불,-,52589544,N,,0,0,0,Y
2025.08.03,10:27,본인 우리은행 포인트플러스 GRANDE(9*3*),인터넷상거래_(주)여기어때컴퍼니,PG(온라인),"47,000",일시불,-,52706543,N,,0,0,0,Y
2025.08.02,15:35,본인 우리은행 포인트플러스 GRANDE(9*3*),브래댄코(고척점),제과점/아이스크림점,"3,200",일시불,-,63273542,N,,0,0,0,Y
2025.08.02,15:17,본인 우리은행 포인트플러스 GRANDE(9*3*),세븐일레븐 구로골든타워점,편의점,"1,850",일시불,-,37134541,N,,0,0,0,Y
2025.08.02,9:20,본인 우리은행 포인트플러스 GRANDE(9*3*),브래댄코(고척점),제과점/아이스크림점,"10,000",일시불,-,43715540,N,,0,0,0,Y
2025.07.31,21:20,본인 우리은행 포인트플러스 GRANDE(9*3*),이마트24 R고척중앙점,편의점,"15,500",일시불,-,60030539,N,,0,0,0,Y
2025.07.29,14:38,본인 우리은행 포인트플러스 GRANDE(9*3*),렛 미 얼론,제과점/아이스크림점,"13,800",일시불,-,31583538,N,,0,0,0,Y
2025.07.23,21:12,본인 우리은행 포인트플러스 GRANDE(9*3*),도미노피자 개봉점,패밀리레스토랑,"15,650",일시불,-,22985537,N,,0,0,0,Y
2025.07.23,12:57,본인 우리은행 포인트플러스 GRANDE(9*3*),컬리_컬리페이_주식회사 컬리,PG(온라인),"19,460",일시불,-,38676536,N,,0,0,0,Y
2025.07.22,21:47,본인 우리은행 포인트플러스 GRANDE(9*3*),GS25 고척사랑점,편의점,"4,100",일시불,-,26180535,N,,0,0,0,Y
2025.07.22,17:56,본인 우리은행 포인트플러스 GRANDE(9*3*),카카오(기프티콘)_다날,PG(온라인),"2,500",일시불,-,22732534,N,,0,0,0,Y
2025.07.21,16:41,본인 우리은행 포인트플러스 GRANDE(9*3*),세외수입_KICC(인터넷)_1_한국데이터산업,PG_우대,"50,000",일시불,-,24689533,N,,0,0,0,Y
2025.07.20,18:18,본인 우리은행 포인트플러스 GRANDE(9*3*),(주)우아한형제들_주식회사 우아한형제들,PG(온라인),"24,000",일시불,-,29176532,N,,0,0,0,Y
2025.07.20,15:53,본인 우리은행 포인트플러스 GRANDE(9*3*),카카오_멜론,PG(오프라인),"8,690",일시불,-,33800531,N,,0,0,0,Y
2025.07.20,8:21,본인 우리은행 포인트플러스 GRANDE(9*3*),경기마트 맘스점,슈퍼마켓,"17,800",일시불,-,66541530,N,,0,0,0,Y
2025.07.20,8:03,본인 우리은행 포인트플러스 GRANDE(9*3*),GS25 고척사랑점,편의점,"8,150",일시불,-,20450529,N,,0,0,0,Y
2025.07.20,7:57,본인 우리은행 포인트플러스 GRANDE(9*3*),파리바게트 고척시장점,제과점/아이스크림점,"1,200",일시불,-,29804528,N,,0,0,0,Y
2025.07.19,13:49,본인 우리은행 포인트플러스 GRANDE(9*3*),테라커피 동양미래대점,커피전문점,"3,000",일시불,-,43837527,N,,0,0,0,Y
2025.07.19,12:28,본인 우리은행 포인트플러스 GRANDE(9*3*),맘스터치 동양미래대점,패스트푸드점,"8,000",일시불,-,29870526,N,,0,0,0,Y
2025.07.18,21:34,본인 우리은행 포인트플러스 GRANDE(9*3*),NICE_통신판매_NICE페이먼츠,PG(오프라인),"9,900",일시불,-,26751525,N,,0,0,0,Y
2025.07.18,18:42,본인 우리은행 포인트플러스 GRANDE(9*3*),세븐일레븐 고척점,편의점,"2,000",일시불,-,63714524,N,,0,0,0,Y
2025.07.18,18:27,본인 우리은행 포인트플러스 GRANDE(9*3*),호시타코야끼 고척점,기타일반음식,"5,000",일시불,-,38885523,N,,0,0,0,Y
2025.07.18,18:02,본인 우리은행 포인트플러스 GRANDE(9*3*),하우마라,중식,"6,500",일시불,-,37063522,N,,0,0,0,Y
2025.07.17,18:45,본인 우리은행 포인트플러스 GRANDE(9*3*),한마음슈퍼,슈퍼마켓,"2,900",일시불,-,59920521,N,,0,0,0,Y
2025.07.16,21:58,본인 우리은행 포인트플러스 GRANDE(9*3*),세븐일레븐 고척점,편의점,"9,850",일시불,-,62044520,N,,0,0,0,Y
2025.07.16,21:27,본인 우리은행 포인트플러스 GRANDE(9*3*),멘야이찌방 고척점,일식(횟집),"20,800",일시불,-,20569519,N,,0,0,0,Y
2025.07.15,18:48,본인 우리은행 포인트플러스 GRANDE(9*3*),호호왕만두,기타일반음식,"3,500",일시불,-,56080518,N,,0,0,0,Y
2025.07.15,18:29,본인 우리은행 포인트플러스 GRANDE(9*3*),이마트24 R고척중앙점,편의점,"3,400",일시불,-,30945517,N,,0,0,0,Y
2025.07.14,12:34,본인 우리은행 포인트플러스 GRANDE(9*3*),이마트24 R고척중앙점,편의점,"5,400",일시불,-,41657516,N,,0,0,0,Y
2025.07.12,20:25,본인 우리은행 포인트플러스 GRANDE(9*3*),경기마트 맘스점,슈퍼마켓,"5,480",일시불,-,60860515,N,,0,0,0,Y
2025.07.12,20:15,본인 우리은행 포인트플러스 GRANDE(9*3*),다이소 고척동점,가정생활용품,"10,000",일시불,-,46772514,N,,0,0,0,Y
2025.07.12,17:29,본인 우리은행 포인트플러스 GRANDE(9*3*),로프커피(LOAF COFFEE),커피전문점,"6,300",일시불,-,41256513,N,,0,0,0,Y
2025.07.12,17:23,본인 우리은행 포인트플러스 GRANDE(9*3*),(주)뉴진씨앤피,양식,"33,500",일시불,-,66454512,N,,0,0,0,Y
2025.07.12,16:34,본인 우리은행 포인트플러스 GRANDE(9*3*),(주)교보문고,서적(서점),"59,100",할부,3 개월,64922511,N,,0,0,0,Y
2025.07.12,0:15,본인 우리은행 포인트플러스 GRANDE(9*3*),쿠팡(쿠페이)_쿠팡(쿠페이),PG(온라인),"16,640",일시불,-,62648510,N,,0,0,0,Y
2025.07.11,14:11,본인 우리은행 포인트플러스 GRANDE(9*3*),SK텔레콤(자동납부),통신비(시청료),"79,550",일시불,-,46354509,N,,0,0,0,Y
2025.07.11,11:49,본인 우리은행 포인트플러스 GRANDE(9*3*),(주)우아한형제들_주식회사 우아한형제들,PG(온라인),"19,100",일시불,-,48661508,N,,0,0,0,Y
2025.07.09,13:18,본인 우리은행 포인트플러스 GRANDE(9*3*),티머니택시_0,PG택시,"7,200",일시불,-,32356507,N,,0,0,0,Y
2025.07.09,13:05,본인 우리은행 포인트플러스 GRANDE(9*3*),씨유(CU)41타워점,편의점,"1,700",일시불,-,46128506,N,,0,0,0,Y
2025.07.09,12:45,본인 우리은행 포인트플러스 GRANDE(9*3*),샐러디 목동41타워점,기타일반음식,"9,900",일시불,-,61121505,N,,0,0,0,Y
2025.07.09,12:37,본인 우리은행 포인트플러스 GRANDE(9*3*),티머니택시_0,PG택시,"7,800",일시불,-,66855504,N,,0,0,0,Y
2025.07.07,19:37,본인 우리은행 포인트플러스 GRANDE(9*3*),세외수입_KICC(인터넷)_1_한국데이터산업,PG_우대,"50,000",일시불,-,34506503,N,,0,0,0,Y
2025.07.07,12:47,본인 우리은행 포인트플러스 GRANDE(9*3*),던킨도너츠 목동남로점,제과점/아이스크림점,"8,930",일시불,-,35703502,N,,0,0,0,Y
2025.07.07,12:38,본인 우리은행 포인트플러스 GRANDE(9*3*),스마트백평치과의원,치과,"50,000",일시불,-,21564501,N,,0,0,0,Y
2025.07.06,22:52,본인 우리은행 포인트플러스 GRANDE(9*3*),GS25 고척사랑점,편의점,"11,300",일시불,-,28711500,N,,0,0,0,Y
2025.07.06,22:41,본인 우리은행 포인트플러스 GRANDE(9*3*),벌툰 몽유도원 고척점,기타일반음식,"13,100",일시불,-,62326499,N,,0,0,0,Y
2025.07.06,19:04,본인 우리은행 포인트플러스 GRANDE(9*3*),역전우동0410 동양미래대점,기타일반음식,"11,000",일시불,-,51775498,N,,0,0,0,Y
2025.07.06,16:57,본인 우리은행 포인트플러스 GRANDE(9*3*),예커피,커피전문점,"19,000",일시불,-,40224497,N,,0,0,0,Y
2025.07.06,16:20,본인 우리은행 포인트플러스 GRANDE(9*3*),(주)코리아세븐 뉴구로개봉푸르뫼점,편의점,"4,400",일시불,-,27252496,N,,0,0,0,Y
2025.07.04,8:13,본인 우리은행 포인트플러스 GRANDE(9*3*),빽다방 동양미래대점,커피전문점,"3,500",일시불,-,40186495,N,,0,0,0,Y
2025.07.04,0:26,본인 우리은행 포인트플러스 GRANDE(9*3*),우아한형제들_주식회사우,PG(온라인),"15,200",일시불,-,41937494,N,,0,0,0,Y
2025.07.03,7:59,본인 우리은행 포인트플러스 GRANDE(9*3*),파리바게트 고척시장점,제과점/아이스크림점,"7,800",일시불,-,28979493,N,,0,0,0,Y
2025.07.02,7:41,본인 우리은행 포인트플러스 GRANDE(9*3*),GS25고척점,편의점,"4,300",일시불,-,44430492,N,,0,0,0,Y
2025.07.01,7:47,본인 우리은행 포인트플러스 GRANDE(9*3*),파리바게트 고척시장점,제과점/아이스크림점,"5,100",일시불,-,37953491,N,,0,0,0,Y
2025.06.29,16:16,본인 우리은행 포인트플러스 GRANDE(9*3*),정기과금_0_주식회사 릴리,PG_우대,"19,900",일시불,-,65805490,N,,0,0,0,Y
2025.06.29,15:48,본인 우리은행 포인트플러스 GRANDE(9*3*),오피니언,커피전문점,"12,300",일시불,-,23509489,N,,0,0,0,Y
2025.06.29,15:25,본인 우리은행 포인트플러스 GRANDE(9*3*),GS25고척점,편의점,"6,400",일시불,-,46755488,N,,0,0,0,Y
2025.06.29,14:29,본인 우리은행 포인트플러스 GRANDE(9*3*),백소정 동양미래대점,일식(횟집),"14,900",일시불,-,39484487,N,,0,0,0,Y
2025.06.29,0:02,본인 우리은행 포인트플러스 GRANDE(9*3*),(주)하나음향 보가코인노래연습장,노래방,"5,500",일시불,-,60723486,N,,0,0,0,Y
2025.06.28,23:56,본인 우리은행 포인트플러스 GRANDE(9*3*),GS25고척점,편의점,"1,200",일시불,-,66886485,N,,0,0,0,Y
2025.06.28,21:58,본인 우리은행 포인트플러스 GRANDE(9*3*),육회바른연어 고척스카이점,한식(한정식),"14,900",일시불,-,53396484,N,,0,0,0,Y
2025.06.28,18:08,본인 우리은행 포인트플러스 GRANDE(9*3*),정기과금_0_주식회사 릴리,PG_우대,"7,900",일시불,-,24166483,Y,2025.06.30,"-7,637",0,0,Y
2025.06.28,16:46,본인 우리은행 포인트플러스 GRANDE(9*3*),자동결제_3_데이콘 주식회사,PG_우대,"298,800",일시불,-,58967482,Y,2025.07.16,"-258,900",0,0,Y
2025.06.27,18:52,본인 우리은행 포인트플러스 GRANDE(9*3*),다이소 고척동점,가정생활용품,"7,000",일시불,-,62029481,N,,0,0,0,Y
2025.06.27,18:27,본인 우리은행 포인트플러스 GRANDE(9*3*),이마트24 R고척중앙점,편의점,"5,000",일시불,-,42104480,N,,0,0,0,Y
2025.06.26,19:02,본인 우리은행 포인트플러스 GRANDE(9*3*),파리바게트 고척시장점,제과점/아이스크림점,"1,900",일시불,-,34520479,N,,0,0,0,Y
2025.06.26,18:28,본인 우리은행 포인트플러스 GRANDE(9*3*),(주)하나음향 보가코인노래연습장,노래방,"3,300",일시불,-,26887478,N,,0,0,0,Y
2025.06.26,17:59,본인 우리은행 포인트플러스 GRANDE(9*3*),홍콩반점 고척동양대점,중식,"8,400",일시불,-,46711477,N,,0,0,0,Y
2025.06.25,8:45,본인 우리은행 포인트플러스 GRANDE(9*3*),메가엠지씨커피 구로고척시장점,커피전문점,"3,400",일시불,-,40418476,N,,0,0,0,Y
2025.06.24,15:44,본인 우리은행 포인트플러스 GRANDE(9*3*),파리바게트 고척시장점,제과점/아이스크림점,"1,900",일시불,-,25349475,N,,0,0,0,Y
2025.06.23,2:47,본인 우리은행 포인트플러스 GRANDE(9*3*),GS25 고척사랑점,편의점,"11,300",일시불,-,27166474,N,,0,0,0,Y
2025.06.22,23:41,본인 우리은행 포인트플러스 GRANDE(9*3*),CGV영등포,영화/연극/공연관,"9,000",일시불,-,20446473,N,,0,0,0,Y
2025.06.22,19:36,본인 우리은행 포인트플러스 GRANDE(9*3*),우지커피 고척사거리점,커피전문점,"6,800",일시불,-,69956472,N,,0,0,0,Y
2025.06.21,19:21,본인 우리은행 포인트플러스 GRANDE(9*3*),이마트24 R고척중앙점,편의점,"2,000",일시불,-,46332471,N,,0,0,0,Y
2025.06.21,18:50,본인 우리은행 포인트플러스 GRANDE(9*3*),프랭크버거 구로고척점,패스트푸드점,"4,900",일시불,-,52958470,N,,0,0,0,Y
2025.06.21,18:19,본인 우리은행 포인트플러스 GRANDE(9*3*),이디야 고척사거리점,커피전문점,"3,000",일시불,-,24869469,N,,0,0,0,Y
2025.06.21,15:14,본인 우리은행 포인트플러스 GRANDE(9*3*),카카오_선물하기,PG(온라인),"1,800",일시불,-,43816468,N,,0,0,0,Y
2025.06.21,15:10,본인 우리은행 포인트플러스 GRANDE(9*3*),카카오(기프티콘)_다날,PG(온라인),"1,800",일시불,-,40655467,N,,0,0,0,Y
2025.06.21,13:34,본인 우리은행 포인트플러스 GRANDE(9*3*),베델로즈 피크닉(bethel rose picnic),커피전문점,"6,500",일시불,-,55687466,N,,0,0,0,Y
2025.06.21,11:00,본인 우리은행 포인트플러스 GRANDE(9*3*),미분당 고척점,기타일반음식,"9,500",일시불,-,42082465,N,,0,0,0,Y
2025.06.21,7:09,본인 우리은행 포인트플러스 GRANDE(9*3*),맥도날드 고척DT점,패스트푸드점,"3,900",일시불,-,36759464,N,,0,0,0,Y
2025.06.20,17:44,본인 우리은행 포인트플러스 GRANDE(9*3*),두부커피,커피전문점,"4,300",일시불,-,57610463,N,,0,0,0,Y
2025.06.20,17:05,본인 우리은행 포인트플러스 GRANDE(9*3*),섹타나인_코페이_비인증_일반_주식회사,PG(오프라인),"26,000",일시불,-,64264462,N,,0,0,0,Y
2025.06.20,15:32,본인 우리은행 포인트플러스 GRANDE(9*3*),카카오_멜론,PG(오프라인),"8,690",일시불,-,38595461,N,,0,0,0,Y
2025.06.19,16:50,본인 우리은행 포인트플러스 GRANDE(9*3*),롯데리아 개봉점,패스트푸드점,"2,500",일시불,-,68294460,N,,0,0,0,Y
2025.06.18,21:34,본인 우리은행 포인트플러스 GRANDE(9*3*),NICE_통신판매_NICE페이먼츠,PG(오프라인),"9,900",일시불,-,46550459,N,,0,0,0,Y
2025.06.18,18:09,본인 우리은행 포인트플러스 GRANDE(9*3*),이마트24 R고척중앙점,편의점,"5,200",일시불,-,62188458,N,,0,0,0,Y
2025.06.17,22:01,본인 우리은행 포인트플러스 GRANDE(9*3*),지에스(GS)25 중구중림점,편의점,"1,200",일시불,-,26016457,N,,0,0,0,Y
2025.06.17,21:52,본인 우리은행 포인트플러스 GRANDE(9*3*),차차타이,기타일반음식,"26,000",일시불,-,22837456,N,,0,0,0,Y
2025.06.16,15:45,본인 우리은행 포인트플러스 GRANDE(9*3*),구글페이먼트_구글페이먼트코리아,PG(오프라인),"5,500",일시불,-,21699455,N,,0,0,0,Y
2025.06.16,15:13,본인 우리은행 포인트플러스 GRANDE(9*3*),메가엠지씨커피 구로고척시장점,커피전문점,"2,000",일시불,-,44301454,N,,0,0,0,Y
2025.06.15,20:40,본인 우리은행 포인트플러스 GRANDE(9*3*),던킨도너츠 목동남로점,제과점/아이스크림점,"7,990",일시불,-,45924453,N,,0,0,0,Y
2025.06.15,20:34,본인 우리은행 포인트플러스 GRANDE(9*3*),도야짬뽕 목동고척점,중식,"11,000",일시불,-,61954452,N,,0,0,0,Y
2025.06.15,16:06,본인 우리은행 포인트플러스 GRANDE(9*3*),PAYCO_Google Play,간편결제(온라인),"9,900",일시불,-,44464451,N,,0,0,0,Y
2025.06.15,15:50,본인 우리은행 포인트플러스 GRANDE(9*3*),브루클린커피,커피전문점,"7,000",일시불,-,29723450,N,,0,0,0,Y
2025.06.15,2:30,본인 우리은행 포인트플러스 GRANDE(9*3*),GS25 고척사랑점,편의점,"10,000",일시불,-,61017449,N,,0,0,0,Y
2025.06.15,2:18,본인 우리은행 포인트플러스 GRANDE(9*3*),레코드피자 고척점,패밀리레스토랑,"35,800",일시불,-,25502448,N,,0,0,0,Y
2025.06.14,21:54,본인 우리은행 포인트플러스 GRANDE(9*3*),GS25 한강르네상스 양화3호점,편의점,"4,090",일시불,-,67631447,N,,0,0,0,Y
2025.06.14,17:37,본인 우리은행 포인트플러스 GRANDE(9*3*),우지커피 고척사거리점,커피전문점,"3,300",일시불,-,34480446,N,,0,0,0,Y
2025.06.13,17:40,본인 우리은행 포인트플러스 GRANDE(9*3*),(주)우아한형제들_주식회사 우아한형제들,PG(온라인),"28,900",일시불,-,57862445,N,,0,0,0,Y
2025.06.12,22:16,본인 우리은행 포인트플러스 GRANDE(9*3*),(주)하나음향 보가코인노래연습장,노래방,"3,300",일시불,-,50918444,N,,0,0,0,Y
2025.06.12,21:48,본인 우리은행 포인트플러스 GRANDE(9*3*),이마트24 R고척중앙점,편의점,"2,000",일시불,-,54595443,N,,0,0,0,Y
2025.06.12,21:28,본인 우리은행 포인트플러스 GRANDE(9*3*),이마트24 R고척중앙점,편의점,"6,500",일시불,-,29016442,N,,0,0,0,Y
2025.06.11,18:44,본인 우리은행 포인트플러스 GRANDE(9*3*),빽다방 동양미래대점,커피전문점,500,일시불,-,50839441,N,,0,0,0,Y
2025.06.11,14:12,본인 우리은행 포인트플러스 GRANDE(9*3*),SK텔레콤(자동납부),통신비(시청료),"80,550",일시불,-,51460440,N,,0,0,0,Y
2025.06.11,12:27,본인 우리은행 포인트플러스 GRANDE(9*3*),샐러리아 동양미래대점,기타일반음식,"1,900",일시불,-,43028439,N,,0,0,0,Y
2025.06.10,11:57,본인 우리은행 포인트플러스 GRANDE(9*3*),예다미,기타일반음식,"5,000",일시불,-,50855438,N,,0,0,0,Y
2025.06.10,11:52,본인 우리은행 포인트플러스 GRANDE(9*3*),새봄정신건강의학과의원,신경과/신경외과,"10,000",일시불,-,69806437,N,,0,0,0,Y
2025.06.09,20:58,본인 우리은행 포인트플러스 GRANDE(9*3*),KCP_3_비비큐 양천구청점,PG_우대,"26,500",일시불,-,25891436,N,,0,0,0,Y
2025.06.09,18:13,본인 우리은행 포인트플러스 GRANDE(9*3*),메가엠지씨커피 구로고척시장점,커피전문점,"3,400",일시불,-,68644435,N,,0,0,0,Y
2025.06.09,0:29,본인 우리은행 포인트플러스 GRANDE(9*3*),이마트24 R고척중앙점,편의점,"4,900",일시불,-,46931434,N,,0,0,0,Y
2025.06.09,0:22,본인 우리은행 포인트플러스 GRANDE(9*3*),GS25 고척사랑점,편의점,"2,000",일시불,-,64689433,N,,0,0,0,Y
2025.06.07,20:52,본인 우리은행 포인트플러스 GRANDE(9*3*),진스시,일식(횟집),"20,000",일시불,-,31611432,N,,0,0,0,Y
2025.06.07,12:53,본인 우리은행 포인트플러스 GRANDE(9*3*),도야짬뽕 목동고척점,중식,"11,000",일시불,-,32760431,N,,0,0,0,Y
2025.06.07,12:16,본인 우리은행 포인트플러스 GRANDE(9*3*),상아약국,약국,"3,900",일시불,-,67715430,N,,0,0,0,Y
2025.06.07,12:04,본인 우리은행 포인트플러스 GRANDE(9*3*),스마트백평치과의원,치과,"50,000",일시불,-,26143429,N,,0,0,0,Y
2025.06.07,9:22,본인 우리은행 포인트플러스 GRANDE(9*3*),던킨도너츠 목동남로점,제과점/아이스크림점,"4,170",일시불,-,27331428,N,,0,0,0,Y
2025.06.07,1:02,본인 우리은행 포인트플러스 GRANDE(9*3*),이마트24 R고척중앙점,편의점,"3,900",일시불,-,63147427,N,,0,0,0,Y
2025.06.07,0:49,본인 우리은행 포인트플러스 GRANDE(9*3*),이마트24 R고척중앙점,편의점,"7,300",일시불,-,34950426,N,,0,0,0,Y
2025.06.06,16:15,본인 우리은행 포인트플러스 GRANDE(9*3*),KCP결제_boothticket,PG(온라인),"20,000",일시불,-,41554425,N,,0,0,0,Y
2025.06.06,11:01,본인 우리은행 포인트플러스 GRANDE(9*3*),청이,중식,"10,000",일시불,-,67427424,N,,0,0,0,Y
2025.06.06,10:14,본인 우리은행 포인트플러스 GRANDE(9*3*),지에스(GS)25 구로미래점,편의점,"2,600",일시불,-,28900423,N,,0,0,0,Y
2025.06.05,15:17,본인 우리은행 포인트플러스 GRANDE(9*3*),파리바게트 고척시장점,제과점/아이스크림점,"9,400",일시불,-,41801422,N,,0,0,0,Y
2025.06.05,15:12,본인 우리은행 포인트플러스 GRANDE(9*3*),메가엠지씨커피 구로고척시장점,커피전문점,"2,900",일시불,-,64255421,N,,0,0,0,Y
2025.06.03,17:03,본인 우리은행 포인트플러스 GRANDE(9*3*),구글페이먼트_구글페이먼트코리아,PG(오프라인),"5,000",일시불,-,28367420,N,,0,0,0,Y
2025.06.03,16:01,본인 우리은행 포인트플러스 GRANDE(9*3*),도도 아이스,기타음료식품,"8,800",일시불,-,62449419,N,,0,0,0,Y
2025.06.03,15:36,본인 우리은행 포인트플러스 GRANDE(9*3*),하우마라,중식,"7,300",일시불,-,54661418,N,,0,0,0,Y
2025.06.03,10:52,본인 우리은행 포인트플러스 GRANDE(9*3*),투썸플레이스 동양미래대점,커피전문점,"14,800",일시불,-,29990417,N,,0,0,0,Y
2025.06.03,9:45,본인 우리은행 포인트플러스 GRANDE(9*3*),(주)하나음향 보가코인노래연습장,노래방,"5,500",일시불,-,37430416,N,,0,0,0,Y
2025.06.03,9:11,본인 우리은행 포인트플러스 GRANDE(9*3*),롯데리아 개봉점,패스트푸드점,"9,100",일시불,-,45414415,N,,0,0,0,Y
2025.06.01,19:15,본인 우리은행 포인트플러스 GRANDE(9*3*),피자마루,기타일반음식,"13,000",일시불,-,61968414,N,,0,0,0,Y
2025.06.01,19:08,본인 우리은행 포인트플러스 GRANDE(9*3*),GS25고척점,편의점,"1,700",일시불,-,33788413,N,,0,0,0,Y
2025.06.01,17:21,본인 우리은행 포인트플러스 GRANDE(9*3*),CJ 올리브영_국내_CJ올리브영주식회,PG(온라인),"93,680",할부,5 개월,23414412,N,,0,0,0,Y
2025.06.01,13:55,본인 우리은행 포인트플러스 GRANDE(9*3*),우아한형제들_주식회사우,PG(온라인),"15,000",일시불,-,56926411,N,,0,0,0,Y
2025.05.31,17:22,본인 우리은행 포인트플러스 GRANDE(9*3*),리콰이어 커피,커피전문점,"13,900",일시불,-,64606410,N,,0,0,0,Y
2025.05.31,17:09,본인 우리은행 포인트플러스 GRANDE(9*3*),(주)에스케이플래닛_문화비,PG(온라인),"11,000",일시불,-,29178409,Y,2025.05.31,"-11,000",,0,N
2025.05.31,14:26,본인 우리은행 포인트플러스 GRANDE(9*3*),리콰이어 커피,커피전문점,"6,000",일시불,-,59327408,N,,0,0,0,Y
2025.05.31,14:02,본인 우리은행 포인트플러스 GRANDE(9*3*),해물칼국수,기타일반음식,"7,000",일시불,-,28317407,N,,0,0,0,Y
2025.05.31,0:26,본인 우리은행 포인트플러스 GRANDE(9*3*),레이디오 고척스카이돔,호프/소주,"22,900",일시불,-,59060406,N,,0,0,0,Y
2025.05.29,23:14,본인 우리은행 포인트플러스 GRANDE(9*3*),세븐일레븐 고척점,편의점,"5,550",일시불,-,41703405,N,,0,0,0,Y
2025.05.26,16:22,본인 우리은행 포인트플러스 GRANDE(9*3*),쿠팡(쿠페이),간편결제(온라인),"18,900",일시불,-,20412404,N,,0,0,0,Y
2025.05.26,16:15,본인 우리은행 포인트플러스 GRANDE(9*3*),컬리_컬리페이_주식회사 컬리,PG(온라인),"41,860",일시불,-,52369403,N,,0,0,0,Y
2025.05.25,17:23,본인 우리은행 포인트플러스 GRANDE(9*3*),한국맥도날드(유) 어린이대공원점,패스트푸드점,"5,400",일시불,-,61021402,N,,0,0,0,Y
2025.05.25,17:00,본인 우리은행 포인트플러스 GRANDE(9*3*),천미향,중식,"10,000",일시불,-,24776401,N,,0,0,0,Y
2025.05.25,12:59,본인 우리은행 포인트플러스 GRANDE(9*3*),보난자커피 군자,커피전문점,"8,800",일시불,-,31914400,N,,0,0,0,Y
2025.05.25,9:29,본인 우리은행 포인트플러스 GRANDE(9*3*),지에스25 S어린이대공원역점,편의점,"1,100",일시불,-,52715399,N,,0,0,0,Y
2025.05.24,19:50,본인 우리은행 포인트플러스 GRANDE(9*3*),미태리 파스타 고척점,한식(한정식),"6,800",일시불,-,27729398,N,,0,0,0,Y
2025.05.24,19:49,본인 우리은행 포인트플러스 GRANDE(9*3*),미태리 파스타 고척점,한식(한정식),"4,750",일시불,-,41329397,N,,0,0,0,Y
2025.05.24,16:10,본인 우리은행 포인트플러스 GRANDE(9*3*),푸른하늘은하수,커피전문점,"5,000",일시불,-,53726396,N,,0,0,0,Y
2025.05.22,12:12,본인 우리은행 포인트플러스 GRANDE(9*3*),우아한형제들_주식회사우,PG(온라인),"21,600",일시불,-,59680395,N,,0,0,0,Y
2025.05.21,19:01,본인 우리은행 포인트플러스 GRANDE(9*3*),메가엠지씨커피 구로고척시장점,커피전문점,"3,700",일시불,-,37795394,N,,0,0,0,Y
2025.05.21,12:07,본인 우리은행 포인트플러스 GRANDE(9*3*),예스이십사도서_문화비_예스이십사주,PG(온라인),"32,400",일시불,-,32856393,N,,0,0,0,Y
2025.05.20,15:22,본인 우리은행 포인트플러스 GRANDE(9*3*),카카오_멜론,PG(오프라인),"8,690",일시불,-,64860392,N,,0,0,0,Y
2025.05.20,12:50,본인 우리은행 포인트플러스 GRANDE(9*3*),GS25 고척사랑점,편의점,"13,500",일시불,-,55820391,N,,0,0,0,Y
2025.05.19,13:36,본인 우리은행 포인트플러스 GRANDE(9*3*),쿠팡(쿠페이),간편결제(온라인),"18,800",일시불,-,24687390,N,,0,0,0,Y
2025.05.18,22:07,본인 우리은행 포인트플러스 GRANDE(9*3*),경기마트 맘스점,슈퍼마켓,"10,190",일시불,-,20544389,N,,0,0,0,Y
2025.05.18,20:14,본인 우리은행 포인트플러스 GRANDE(9*3*),스타벅스코리아,커피전문점,"4,000",일시불,-,44593388,N,,0,0,0,Y
2025.05.18,16:42,본인 우리은행 포인트플러스 GRANDE(9*3*),채움 케이크샵,제과점/아이스크림점,"12,200",일시불,-,44843387,N,,0,0,0,Y
2025.05.18,16:38,본인 우리은행 포인트플러스 GRANDE(9*3*),네이버파이낸셜㈜_네이버,전자상거래(온라인),"25,000",일시불,-,56493386,N,,0,0,0,Y
2025.05.17,21:33,본인 우리은행 포인트플러스 GRANDE(9*3*),네이버파이낸셜㈜_네이버,전자상거래(온라인),"24,000",일시불,-,56205385,N,,0,0,0,Y
2025.05.17,20:24,본인 우리은행 포인트플러스 GRANDE(9*3*),파리바게트 고척시장점,제과점/아이스크림점,"3,200",일시불,-,21160384,N,,0,0,0,Y
2025.05.17,20:20,본인 우리은행 포인트플러스 GRANDE(9*3*),경기마트 맘스점,슈퍼마켓,"20,490",일시불,-,35255383,N,,0,0,0,Y
2025.05.17,17:01,본인 우리은행 포인트플러스 GRANDE(9*3*),푸른하늘은하수,커피전문점,"7,500",일시불,-,39707382,N,,0,0,0,Y
2025.05.17,16:42,본인 우리은행 포인트플러스 GRANDE(9*3*),(주)보물마트,슈퍼마켓,"3,600",일시불,-,25813381,N,,0,0,0,Y
2025.05.17,16:38,본인 우리은행 포인트플러스 GRANDE(9*3*),애플김밥,기타일반음식,"8,000",일시불,-,30980380,N,,0,0,0,Y
2025.05.17,11:48,본인 우리은행 포인트플러스 GRANDE(9*3*),스마트백평치과의원,치과,"50,000",일시불,-,55399379,N,,0,0,0,Y
2025.05.16,15:45,본인 우리은행 포인트플러스 GRANDE(9*3*),구글페이먼트_구글페이먼트코리아,PG(오프라인),"5,500",일시불,-,40716378,N,,0,0,0,Y
2025.05.15,16:06,본인 우리은행 포인트플러스 GRANDE(9*3*),PAYCO_Google Play,간편결제(온라인),"9,900",일시불,-,33696377,N,,0,0,0,Y
2025.05.15,10:20,본인 우리은행 포인트플러스 GRANDE(9*3*),(주)우아한형제들_신용카드(한집배달),PG(온라인),"20,200",일시불,-,38899376,N,,0,0,0,Y
2025.05.14,22:54,본인 우리은행 포인트플러스 GRANDE(9*3*),GS25 고척사랑점,편의점,"3,300",일시불,-,30473375,N,,0,0,0,Y
2025.05.12,12:53,본인 우리은행 포인트플러스 GRANDE(9*3*),SK텔레콤(자동납부),통신비(시청료),"79,550",일시불,-,40132374,N,,0,0,0,Y
2025.05.11,18:31,본인 우리은행 포인트플러스 GRANDE(9*3*),네이버파이낸셜㈜_네이버,전자상거래(온라인),"5,000",일시불,-,34794373,N,,0,0,0,Y
2025.05.11,17:50,본인 우리은행 포인트플러스 GRANDE(9*3*),경기마트 맘스점,슈퍼마켓,"6,430",일시불,-,65704372,N,,0,0,0,Y
2025.05.11,14:14,본인 우리은행 포인트플러스 GRANDE(9*3*),던킨도너츠 목동남로점,제과점/아이스크림점,"2,500",일시불,-,38929371,N,,0,0,0,Y
2025.05.11,10:52,본인 우리은행 포인트플러스 GRANDE(9*3*),맥도날드 고척DT점,패스트푸드점,"8,600",일시불,-,42947370,N,,0,0,0,Y
2025.05.11,2:09,본인 우리은행 포인트플러스 GRANDE(9*3*),이니시스(후원금)_3_사회복지법인,PG_우대,"39,000",일시불,-,61412369,N,,0,0,0,Y
2025.05.11,0:34,본인 우리은행 포인트플러스 GRANDE(9*3*),쿠팡(쿠페이)_쿠팡(쿠페이),PG(온라인),"8,900",일시불,-,58911368,N,,0,0,0,Y
2025.05.09,20:19,본인 우리은행 포인트플러스 GRANDE(9*3*),투썸플레이스 여의도파크원점,커피전문점,"6,300",일시불,-,58505367,N,,0,0,0,Y
2025.05.09,14:27,본인 우리은행 포인트플러스 GRANDE(9*3*),청담동마녀김밥 구로디지털단지점,기타일반음식,"15,000",일시불,-,31745366,N,,0,0,0,Y
2025.05.08,15:28,본인 우리은행 포인트플러스 GRANDE(9*3*),GS25 고척사랑점,편의점,"4,600",일시불,-,66848365,N,,0,0,0,Y
2025.05.08,14:29,본인 우리은행 포인트플러스 GRANDE(9*3*),네이버파이낸셜㈜_네이버,전자상거래(온라인),"20,000",일시불,-,53072364,N,,0,0,0,Y
2025.05.07,18:56,본인 우리은행 포인트플러스 GRANDE(9*3*),투썸플레이스 구로디지털단지역 깔깔거리점,커피전문점,"14,500",일시불,-,29013363,N,,0,0,0,Y
2025.05.07,18:51,본인 우리은행 포인트플러스 GRANDE(9*3*),본가설렁탕,한식(한정식),"11,000",일시불,-,24575362,N,,0,0,0,Y
2025.05.07,18:17,본인 우리은행 포인트플러스 GRANDE(9*3*),우리쌀빵,제과점/아이스크림점,"1,200",일시불,-,24608361,N,,0,0,0,Y
2025.05.07,17:50,본인 우리은행 포인트플러스 GRANDE(9*3*),티머니택시(법인)_4,택시,"10,700",일시불,-,52048360,N,,0,0,0,Y
2025.05.07,13:09,본인 우리은행 포인트플러스 GRANDE(9*3*),투썸플레이스 동양미래대점,커피전문점,"11,200",일시불,-,51561359,N,,0,0,0,Y
2025.05.06,14:06,본인 우리은행 포인트플러스 GRANDE(9*3*),고좌리 뼈칼국수,기타일반음식,"11,000",일시불,-,33454358,N,,0,0,0,Y
2025.05.06,10:17,본인 우리은행 포인트플러스 GRANDE(9*3*),이마트24 마포하늘공원점,편의점,"1,200",일시불,-,32434357,N,,0,0,0,Y
2025.05.05,21:46,본인 우리은행 포인트플러스 GRANDE(9*3*),(주)하나음향 보가코인노래연습장,노래방,"3,300",일시불,-,59503356,N,,0,0,0,Y
2025.05.05,20:54,본인 우리은행 포인트플러스 GRANDE(9*3*),(주)하나음향 보가코인노래연습장,노래방,"5,500",일시불,-,56169355,N,,0,0,0,Y
2025.05.05,20:47,본인 우리은행 포인트플러스 GRANDE(9*3*),롯데리아 개봉점,패스트푸드점,"4,800",일시불,-,29120354,N,,0,0,0,Y
2025.05.05,20:21,본인 우리은행 포인트플러스 GRANDE(9*3*),육회바른연어 고척스카이점,한식(한정식),"16,900",일시불,-,54725353,N,,0,0,0,Y
2025.05.05,0:33,본인 우리은행 포인트플러스 GRANDE(9*3*),GS25 고척사랑점,편의점,"9,850",일시불,-,68051352,N,,0,0,0,Y
2025.05.04,21:36,본인 우리은행 포인트플러스 GRANDE(9*3*),티머니택시_0,PG택시,"8,500",일시불,-,38093351,N,,0,0,0,Y
2025.05.04,14:33,본인 우리은행 포인트플러스 GRANDE(9*3*),(주)우아한형제들_주식회사 우아한형제들,PG(온라인),"33,400",일시불,-,27120350,N,,0,0,0,Y
2025.05.04,5:29,본인 우리은행 포인트플러스 GRANDE(9*3*),(주)에스케이플래닛_문화비_Cul_에스케이 플,PG(온라인),"10,000",일시불,-,45512349,N,,0,0,0,Y
2025.05.03,17:27,본인 우리은행 포인트플러스 GRANDE(9*3*),(주)교보문고,서적(서점),"13,500",일시불,-,54716348,N,,0,0,0,Y
2025.05.03,16:39,본인 우리은행 포인트플러스 GRANDE(9*3*),홈플러스신도림점,할인점,"8,000",일시불,-,21579347,N,,0,0,0,Y
2025.05.03,16:03,본인 우리은행 포인트플러스 GRANDE(9*3*),던킨도너츠 신도림홈플러스점,제과점/아이스크림점,"1,700",일시불,-,60663346,N,,0,0,0,Y
2025.05.03,16:00,본인 우리은행 포인트플러스 GRANDE(9*3*),세븐일레븐 신도림미래사랑점,편의점,"2,600",일시불,-,66608345,N,,0,0,0,Y
2025.05.02,20:14,본인 우리은행 포인트플러스 GRANDE(9*3*),카페율,커피전문점,"2,700",일시불,-,31639344,N,,0,0,0,Y
2025.05.02,12:44,본인 우리은행 포인트플러스 GRANDE(9*3*),(주)초이락홀딩스,커피전문점,"9,000",일시불,-,39608343,N,,0,0,0,Y
2025.05.02,10:39,본인 우리은행 포인트플러스 GRANDE(9*3*),나이스결제대행(주)_(주)앤드모어,PG(온라인),"166,100",할부,5 개월,55855342,N,,0,0,0,Y
2025.05.02,9:57,본인 우리은행 포인트플러스 GRANDE(9*3*),토스페이_컨텐츠_주식회사 비바리퍼블리카,PG(온라인),"79,700",일시불,-,63220341,N,,0,0,0,Y
2025.05.01,23:08,본인 우리은행 포인트플러스 GRANDE(9*3*),이마트24 R고척중앙점,편의점,"9,300",일시불,-,35685340,N,,0,0,0,Y
2025.04.30,19:37,본인 우리은행 포인트플러스 GRANDE(9*3*),오늘제빵소,제과점/아이스크림점,"7,000",일시불,-,50334339,N,,0,0,0,Y
2025.04.30,19:11,본인 우리은행 포인트플러스 GRANDE(9*3*),황밀삼,한식(한정식),"10,000",일시불,-,47117338,N,,0,0,0,Y
2025.04.30,13:00,본인 우리은행 포인트플러스 GRANDE(9*3*),(주)초이락홀딩스,커피전문점,"3,000",일시불,-,48003337,N,,0,0,0,Y
2025.04.30,0:45,본인 우리은행 포인트플러스 GRANDE(9*3*),젝시믹스_브랜드엑스코퍼레이션,PG(온라인),"171,250",할부,5 개월,55860336,N,,0,0,0,Y
2025.04.29,17:33,본인 우리은행 포인트플러스 GRANDE(9*3*),새봄정신건강의학과의원,신경과/신경외과,"10,000",일시불,-,50104335,N,,0,0,0,Y
2025.04.29,11:54,본인 우리은행 포인트플러스 GRANDE(9*3*),왕돈까스 왕냉면,기타일반음식,"15,400",일시불,-,38991334,N,,0,0,0,Y
2025.04.29,10:06,본인 우리은행 포인트플러스 GRANDE(9*3*),티머니택시(법인)_4,택시,"7,300",일시불,-,52548333,N,,0,0,0,Y
2025.04.27,17:43,본인 우리은행 포인트플러스 GRANDE(9*3*),교보문고(인터넷)_KICC,PG(온라인),"3,500",일시불,-,28497332,N,,0,0,0,Y
2025.04.27,17:42,본인 우리은행 포인트플러스 GRANDE(9*3*),교보문고(웹)_KICC_도서/공연_교보문고_웹_문,PG(온라인),"25,200",일시불,-,52040331,N,,0,0,0,Y
2025.04.27,6:45,본인 우리은행 포인트플러스 GRANDE(9*3*),이마트24 마포하늘공원점,편의점,"7,400",일시불,-,34884330,N,,0,0,0,Y
2025.04.26,19:05,본인 우리은행 포인트플러스 GRANDE(9*3*),에이치디씨아이파크몰주식회사,양식,"14,500",일시불,-,27804329,N,,0,0,0,Y
2025.04.26,17:51,본인 우리은행 포인트플러스 GRANDE(9*3*),에이치디씨아이파크몰주식회사,양식,"34,000",일시불,-,58794328,N,,0,0,0,Y
2025.04.26,13:20,본인 우리은행 포인트플러스 GRANDE(9*3*),(주)우아한형제들_(주)우아한형제,PG(온라인),"20,400",일시불,-,68716327,N,,0,0,0,Y
2025.04.25,15:49,본인 우리은행 포인트플러스 GRANDE(9*3*),상아약국,약국,"3,400",일시불,-,56025326,N,,0,0,0,Y
2025.04.25,15:42,본인 우리은행 포인트플러스 GRANDE(9*3*),스마트백평치과의원,치과,"50,000",일시불,-,40375325,N,,0,0,0,Y
2025.04.24,20:00,본인 우리은행 포인트플러스 GRANDE(9*3*),오늘제빵소,제과점/아이스크림점,"3,800",일시불,-,64816324,N,,0,0,0,Y
2025.04.24,14:34,본인 우리은행 포인트플러스 GRANDE(9*3*),보은하다,커피전문점,"5,000",일시불,-,40891323,N,,0,0,0,Y
2025.04.24,0:37,본인 우리은행 포인트플러스 GRANDE(9*3*),세븐일레븐 고척점,편의점,"4,900",일시불,-,21062322,N,,0,0,0,Y
2025.04.23,22:56,본인 우리은행 포인트플러스 GRANDE(9*3*),야키토리잔잔 압구정로데오점,일식(횟집),"65,800",일시불,-,36656321,N,,0,0,0,Y
2025.04.23,17:46,본인 우리은행 포인트플러스 GRANDE(9*3*),GS25고척점,편의점,"2,600",일시불,-,46772320,N,,0,0,0,Y
2025.04.22,18:12,본인 우리은행 포인트플러스 GRANDE(9*3*),맘스터치 동양미래대점,패스트푸드점,"8,900",일시불,-,23210319,N,,0,0,0,Y
2025.04.22,11:10,본인 우리은행 포인트플러스 GRANDE(9*3*),본죽&비빔밥 고척동양대점,한식(한정식),"16,500",일시불,-,26210318,N,,0,0,0,Y
2025.04.21,22:30,본인 우리은행 포인트플러스 GRANDE(9*3*),(주)하나음향 보가코인노래연습장,노래방,"5,500",일시불,-,43558317,N,,0,0,0,Y
2025.04.21,21:32,본인 우리은행 포인트플러스 GRANDE(9*3*),(주)하나음향 보가코인노래연습장,노래방,"5,500",일시불,-,60951316,N,,0,0,0,Y
2025.04.21,20:43,본인 우리은행 포인트플러스 GRANDE(9*3*),멘야이찌방 고척점,일식(횟집),"9,900",일시불,-,44007315,N,,0,0,0,Y
2025.04.21,19:16,본인 우리은행 포인트플러스 GRANDE(9*3*),GS25 신목열매점,편의점,"2,600",일시불,-,63612314,N,,0,0,0,Y
2025.04.20,22:07,본인 우리은행 포인트플러스 GRANDE(9*3*),지에스25 커넥트서울역점,편의점,"2,900",일시불,-,58551313,N,,0,0,0,Y
2025.04.20,18:00,본인 우리은행 포인트플러스 GRANDE(9*3*),코레일유통주식회사(부산역),편의점,"11,000",일시불,-,21112312,N,,0,0,0,Y
2025.04.20,15:12,본인 우리은행 포인트플러스 GRANDE(9*3*),카카오_멜론,PG(오프라인),"8,690",일시불,-,42350311,N,,0,0,0,Y
2025.04.20,14:40,본인 우리은행 포인트플러스 GRANDE(9*3*),루아앤티그리 광복점,양식,"28,000",일시불,-,22820310,N,,0,0,0,Y
2025.04.20,11:39,본인 우리은행 포인트플러스 GRANDE(9*3*),한국철도공사(승차권발매),철도,"47,600",일시불,-,33147309,N,,0,0,0,Y
2025.04.19,18:26,본인 우리은행 포인트플러스 GRANDE(9*3*),북경상회,농산물(청과)/수산물,"7,500",일시불,-,45161308,N,,0,0,0,Y
2025.04.19,16:00,본인 우리은행 포인트플러스 GRANDE(9*3*),클로씨(CLOSEA),한식(한정식),"19,000",일시불,-,51880307,N,,0,0,0,Y
2025.04.19,14:50,본인 우리은행 포인트플러스 GRANDE(9*3*),서울깍두기,한식(한정식),"12,000",일시불,-,46009306,N,,0,0,0,Y
2025.04.19,0:27,본인 우리은행 포인트플러스 GRANDE(9*3*),지에스(GS)25 민락이진점,편의점,"3,900",일시불,-,42796305,N,,0,0,0,Y
2025.04.19,0:24,본인 우리은행 포인트플러스 GRANDE(9*3*),지에스(GS)25 민락이진점,편의점,"5,700",일시불,-,21223304,N,,0,0,0,Y
2025.04.18,19:41,본인 우리은행 포인트플러스 GRANDE(9*3*),GS25민락중앙점,편의점,"8,650",일시불,-,34693303,N,,0,0,0,Y
2025.04.18,19:11,본인 우리은행 포인트플러스 GRANDE(9*3*),씨제이올리브네트웍스(주)광안비치점,화장품,"11,090",일시불,-,45572302,N,,0,0,0,Y
2025.04.18,15:42,본인 우리은행 포인트플러스 GRANDE(9*3*),(주)우아한형제들_(주)우아한형제,PG(온라인),"16,500",일시불,-,30482301,N,,0,0,0,Y
2025.04.18,10:27,본인 우리은행 포인트플러스 GRANDE(9*3*),주식회사오랜지바다,옷감/직물,"24,000",일시불,-,67893300,N,,0,0,0,Y
2025.04.18,9:21,본인 우리은행 포인트플러스 GRANDE(9*3*),까사부사노 테라스,일반주점,"14,500",일시불,-,26425299,N,,0,0,0,Y
2025.04.17,20:22,본인 우리은행 포인트플러스 GRANDE(9*3*),(주)놀유니버스_NOL_B2C_국내숙소,PG(온라인),"322,000",할부,5 개월,41994298,N,,0,0,0,Y
2025.04.17,16:24,본인 우리은행 포인트플러스 GRANDE(9*3*),세븐일레븐 부산민락본동점,편의점,"10,650",일시불,-,44547297,N,,0,0,0,Y
2025.04.17,15:45,본인 우리은행 포인트플러스 GRANDE(9*3*),구글페이먼트_구글페이먼트코리아,PG(오프라인),"5,500",일시불,-,60084296,N,,0,0,0,Y
2025.04.17,13:10,본인 우리은행 포인트플러스 GRANDE(9*3*),(주)우아한형제들_(주)우아한형제,PG(온라인),"17,800",일시불,-,64138295,N,,0,0,0,Y
2025.04.17,12:23,본인 우리은행 포인트플러스 GRANDE(9*3*),(주)놀유니버스_NOL_B2C_국내숙소,PG(온라인),"55,000",할부,5 개월,67078294,N,,0,0,0,Y
2025.04.17,1:46,본인 우리은행 포인트플러스 GRANDE(9*3*),씨유민락비치점,편의점,"14,700",일시불,-,39788293,N,,0,0,0,Y
2025.04.17,1:21,본인 우리은행 포인트플러스 GRANDE(9*3*),주식회사 솔바람,노래방,"3,000",일시불,-,42637292,N,,0,0,0,Y
2025.04.17,0:16,본인 우리은행 포인트플러스 GRANDE(9*3*),주식회사 솔바람,노래방,"10,000",일시불,-,53251291,N,,0,0,0,Y
2025.04.16,23:55,본인 우리은행 포인트플러스 GRANDE(9*3*),찌꼬뽀꼬 셀프포토샾(광안점),사진관,"1,000",일시불,-,30927290,N,,0,0,0,Y
2025.04.16,23:54,본인 우리은행 포인트플러스 GRANDE(9*3*),찌꼬뽀꼬 셀프포토샾(광안점),사진관,"1,000",일시불,-,50741289,N,,0,0,0,Y
2025.04.16,23:54,본인 우리은행 포인트플러스 GRANDE(9*3*),찌꼬뽀꼬 셀프포토샾(광안점),사진관,"1,000",일시불,-,48109288,N,,0,0,0,Y
2025.04.16,23:53,본인 우리은행 포인트플러스 GRANDE(9*3*),찌꼬뽀꼬 셀프포토샾(광안점),사진관,"1,000",일시불,-,20668287,N,,0,0,0,Y
2025.04.16,16:47,본인 우리은행 포인트플러스 GRANDE(9*3*),만우장,중식,"36,000",일시불,-,38375286,N,,0,0,0,Y
2025.04.16,15:00,본인 우리은행 포인트플러스 GRANDE(9*3*),(주)놀유니버스_NOL_B2C_국내숙소,PG(온라인),"73,000",할부,5 개월,21720285,N,,0,0,0,Y
2025.04.16,14:24,본인 우리은행 포인트플러스 GRANDE(9*3*),빵꾸똥꾸문구야 해운대벡스코점,문구,100,일시불,-,29430284,N,,0,0,0,Y
2025.04.16,14:23,본인 우리은행 포인트플러스 GRANDE(9*3*),빵꾸똥꾸문구야 해운대벡스코점,문구,"6,500",일시불,-,46959283,N,,0,0,0,Y
2025.04.16,13:06,본인 우리은행 포인트플러스 GRANDE(9*3*),1984그수육집칼국수,기타일반음식,"24,900",일시불,-,68972282,N,,0,0,0,Y
2025.04.15,16:06,본인 우리은행 포인트플러스 GRANDE(9*3*),PAYCO_Google Play,간편결제(온라인),"9,900",일시불,-,63071281,N,,0,0,0,Y
2025.04.15,14:14,본인 우리은행 포인트플러스 GRANDE(9*3*),스타벅스코리아,커피전문점,"6,100",일시불,-,48797280,N,,0,0,0,Y
2025.04.15,13:00,본인 우리은행 포인트플러스 GRANDE(9*3*),신라스테이해운대,특급호텔,"55,000",일시불,-,22422279,N,,0,0,0,Y
2025.04.15,12:58,본인 우리은행 포인트플러스 GRANDE(9*3*),신라스테이해운대,특급호텔,"30,000",일시불,-,58955278,N,,0,0,0,Y
2025.04.15,9:00,본인 우리은행 포인트플러스 GRANDE(9*3*),(주)놀유니버스_NOL_B2C_국내숙소,PG(온라인),"154,000",할부,5 개월,47934277,N,,0,0,0,Y
2025.04.15,2:04,본인 우리은행 포인트플러스 GRANDE(9*3*),이마트24 해운대신라스테이점,편의점,"9,400",일시불,-,35649276,N,,0,0,0,Y
2025.04.14,23:06,본인 우리은행 포인트플러스 GRANDE(9*3*),구글페이먼트_구글페이먼트코리아,PG(오프라인),"6,050",일시불,-,25566275,N,,0,0,0,Y
2025.04.14,22:16,본인 우리은행 포인트플러스 GRANDE(9*3*),지에스25에스서울역2호점,편의점,"1,700",일시불,-,48843274,N,,0,0,0,Y
2025.04.14,19:08,본인 우리은행 포인트플러스 GRANDE(9*3*),세븐일레븐 서교일등점,편의점,"2,050",일시불,-,21674273,N,,0,0,0,Y
2025.04.14,19:00,본인 우리은행 포인트플러스 GRANDE(9*3*),세븐일레븐 서교일등점,편의점,"1,100",일시불,-,56355272,N,,0,0,0,Y
2025.04.14,18:43,본인 우리은행 포인트플러스 GRANDE(9*3*),(주)놀유니버스_NOL_B2C_국내숙소,PG(온라인),"214,500",할부,5 개월,60638271,N,,0,0,0,Y
2025.04.14,16:58,본인 우리은행 포인트플러스 GRANDE(9*3*),주식회사 카페꼼마,커피전문점,"6,000",일시불,-,38546270,N,,0,0,0,Y
2025.04.14,15:13,본인 우리은행 포인트플러스 GRANDE(9*3*),한국철도공사(승차권발매),철도,"59,800",일시불,-,63423269,N,,0,0,0,Y
2025.04.14,0:45,본인 우리은행 포인트플러스 GRANDE(9*3*),대표인증_3_(주)태그에잇,PG_우대,"39,800",일시불,-,66350268,N,,0,0,0,Y
2025.04.13,16:13,본인 우리은행 포인트플러스 GRANDE(9*3*),호호왕만두,기타일반음식,"11,000",일시불,-,54768267,N,,0,0,0,Y
2025.04.13,12:39,본인 우리은행 포인트플러스 GRANDE(9*3*),롯데시네마 영등포_티켓 외,슈퍼마켓,"13,000",일시불,-,61971266,N,,0,0,0,Y
2025.04.12,19:30,본인 우리은행 포인트플러스 GRANDE(9*3*),(주)에스케이플래닛_문화비_Cul_에스케이 플,PG(온라인),"11,000",일시불,-,51029265,N,,0,0,0,Y
2025.04.12,13:26,본인 우리은행 포인트플러스 GRANDE(9*3*),박미정 당진아구동태탕,한식(한정식),"13,000",일시불,-,67014264,N,,0,0,0,Y
2025.04.11,15:56,본인 우리은행 포인트플러스 GRANDE(9*3*),멕시코식당 선유도역,양식,"71,500",일시불,-,30986262,N,,0,0,0,Y
2025.04.11,12:52,본인 우리은행 포인트플러스 GRANDE(9*3*),SK텔레콤(자동납부),통신비(시청료),"79,550",일시불,-,20290263,N,,0,0,0,Y
2025.04.10,22:32,본인 우리은행 포인트플러스 GRANDE(9*3*),공양,일반주점,"28,500",일시불,-,52545261,N,,0,0,0,Y
2025.04.09,22:23,본인 우리은행 포인트플러스 GRANDE(9*3*),PAYCO_주식회사 백퍼센트,PG(오프라인),"1,430",일시불,-,36291260,N,,0,0,0,Y
2025.04.09,20:31,본인 우리은행 포인트플러스 GRANDE(9*3*),PAYCO_주식회사 백퍼센트,PG(오프라인),"1,430",일시불,-,30939259,N,,0,0,0,Y
2025.04.09,19:49,본인 우리은행 포인트플러스 GRANDE(9*3*),맥도날드신도림디큐브,패스트푸드점,"7,700",일시불,-,45599258,N,,0,0,0,Y
2025.04.09,18:51,본인 우리은행 포인트플러스 GRANDE(9*3*),(주)에스케이플래닛_문화비_Cul_에스케이 플,PG(온라인),"10,000",일시불,-,34416257,N,,0,0,0,Y
2025.04.09,14:42,본인 우리은행 포인트플러스 GRANDE(9*3*),오늘제빵소,제과점/아이스크림점,"1,000",일시불,-,54501256,N,,0,0,0,Y
2025.04.08,21:29,본인 우리은행 포인트플러스 GRANDE(9*3*),KCP결제(무)_㈜풀리오,PG(온라인),"119,000",할부,12 개월,24904255,N,,0,0,0,Y
2025.04.08,13:26,본인 우리은행 포인트플러스 GRANDE(9*3*),디저트39(구로헤리움점),커피전문점,"11,300",일시불,-,65747254,N,,0,0,0,Y
2025.04.08,11:46,본인 우리은행 포인트플러스 GRANDE(9*3*),주식회사 써브웨이신도림,패스트푸드점,"10,400",일시불,-,41544253,N,,0,0,0,Y
2025.04.07,21:40,본인 우리은행 포인트플러스 GRANDE(9*3*),네이버파이낸셜㈜_네이버,전자상거래(온라인),"10,000",일시불,-,49542252,N,,0,0,0,Y
2025.04.07,21:29,본인 우리은행 포인트플러스 GRANDE(9*3*),(주)우아한형제들_신용카드(한집배달),PG(온라인),"36,600",일시불,-,62580251,N,,0,0,0,Y
2025.04.06,17:10,본인 우리은행 포인트플러스 GRANDE(9*3*),인터넷상거래_0_(주)쿱커뮤니케이션즈,PG_우대,"110,000",할부,5 개월,68761250,N,,0,0,0,Y
2025.04.06,16:48,본인 우리은행 포인트플러스 GRANDE(9*3*),중국성,중식,"11,000",일시불,-,32906249,N,,0,0,0,Y
2025.04.06,14:11,본인 우리은행 포인트플러스 GRANDE(9*3*),(주)초이락홀딩스,커피전문점,"9,500",일시불,-,39494248,N,,0,0,0,Y
2025.04.05,18:08,본인 우리은행 포인트플러스 GRANDE(9*3*),GS25 고척사랑점,편의점,"5,100",일시불,-,52699247,N,,0,0,0,Y
2025.04.05,12:16,본인 우리은행 포인트플러스 GRANDE(9*3*),맘스터치 동양미래대점,패스트푸드점,"8,400",일시불,-,36115246,N,,0,0,0,Y
2025.04.05,11:10,본인 우리은행 포인트플러스 GRANDE(9*3*),티머니택시_0,PG택시,"8,500",일시불,-,43593245,N,,0,0,0,Y
2025.04.04,18:11,본인 우리은행 포인트플러스 GRANDE(9*3*),홍콩반점 고척동양대점,중식,"9,000",일시불,-,61959244,N,,0,0,0,Y
2025.04.04,13:57,본인 우리은행 포인트플러스 GRANDE(9*3*),주식회사현대백화점디큐브시티,백화점,"6,500",일시불,-,27482243,N,,0,0,0,Y
2025.04.04,12:58,본인 우리은행 포인트플러스 GRANDE(9*3*),세븐일레븐 신도림미래사랑점,편의점,"5,600",일시불,-,55489242,N,,0,0,0,Y
2025.04.03,18:23,본인 우리은행 포인트플러스 GRANDE(9*3*),주식회사현대백화점디큐브시티,백화점,"5,500",일시불,-,47141241,N,,0,0,0,Y
2025.04.03,17:31,본인 우리은행 포인트플러스 GRANDE(9*3*),주식회사 써브웨이신도림,패스트푸드점,"7,600",일시불,-,55723240,N,,0,0,0,Y
2025.04.03,14:25,본인 우리은행 포인트플러스 GRANDE(9*3*),씨제이올리브영(주)디큐브시티점,화장품,"2,700",일시불,-,22878239,N,,0,0,0,Y
2025.04.03,8:14,본인 우리은행 포인트플러스 GRANDE(9*3*),스타벅스코리아,커피전문점,"6,100",일시불,-,29646238,N,,0,0,0,Y
2025.04.03,6:17,본인 우리은행 포인트플러스 GRANDE(9*3*),모빌PG_대표(일반)_3_주식회사와이샵,PG_우대,"32,900",일시불,-,36558237,N,,0,0,0,Y
2025.04.02,11:37,본인 우리은행 포인트플러스 GRANDE(9*3*),다이소 고척동점,가정생활용품,"6,000",일시불,-,21661236,N,,0,0,0,Y
2025.04.02,10:32,본인 우리은행 포인트플러스 GRANDE(9*3*),디저트39,커피전문점,"20,800",일시불,-,55682235,N,,0,0,0,Y
2025.04.02,9:57,본인 우리은행 포인트플러스 GRANDE(9*3*),주식회사 써브웨이신도림,패스트푸드점,"7,600",일시불,-,40810234,N,,0,0,0,Y
2025.04.01,16:42,본인 우리은행 포인트플러스 GRANDE(9*3*),오피니언,커피전문점,"6,000",일시불,-,35497233,N,,0,0,0,Y
2025.04.01,10:08,본인 우리은행 포인트플러스 GRANDE(9*3*),글라스헌터안경원,안경점,"104,000",할부,3 개월,61223232,N,,0,0,0,Y
2025.04.01,9:17,본인 우리은행 포인트플러스 GRANDE(9*3*),주식회사 써브웨이신도림,패스트푸드점,"11,900",일시불,-,25049231,N,,0,0,0,Y
2025.03.31,18:41,본인 우리은행 포인트플러스 GRANDE(9*3*),(주)우아한형제들_신용카드(한집배달),PG(온라인),"28,600",일시불,-,45565230,N,,0,0,0,Y
2025.03.31,15:08,본인 우리은행 포인트플러스 GRANDE(9*3*),스마트백평치과의원,치과,"50,000",일시불,-,55274229,N,,0,0,0,Y
2025.03.30,19:10,본인 우리은행 포인트플러스 GRANDE(9*3*),현대백화점 목동점_식품,백화점,"10,000",일시불,-,21334228,N,,0,0,0,Y
2025.03.30,18:47,본인 우리은행 포인트플러스 GRANDE(9*3*),메가박스중앙(주)더부티크목동현대백화점,영화/연극/공연관,"16,000",일시불,-,36035227,N,,0,0,0,Y
2025.03.30,18:40,본인 우리은행 포인트플러스 GRANDE(9*3*),현대백화점 목동점_식품,백화점,"12,000",일시불,-,36731226,N,,0,0,0,Y
2025.03.30,14:22,본인 우리은행 포인트플러스 GRANDE(9*3*),맥도날드코엑스점,패스트푸드점,"7,400",일시불,-,32899225,N,,0,0,0,Y
2025.03.30,14:01,본인 우리은행 포인트플러스 GRANDE(9*3*),(주)에스케이플래닛_문화비_Cul_에스케이 플,PG(온라인),"12,000",일시불,-,57533224,N,,0,0,0,Y
2025.03.30,10:30,본인 우리은행 포인트플러스 GRANDE(9*3*),대표인증_3_(주)서진인포텍,PG_우대,"10,000",일시불,-,46835223,N,,0,0,0,Y
2025.03.28,20:06,본인 우리은행 포인트플러스 GRANDE(9*3*),보은하다,커피전문점,"5,700",일시불,-,43343222,N,,0,0,0,Y
2025.03.28,14:20,본인 우리은행 포인트플러스 GRANDE(9*3*),보은하다,커피전문점,"9,000",일시불,-,57144221,N,,0,0,0,Y
2025.03.28,13:46,본인 우리은행 포인트플러스 GRANDE(9*3*),브런치빈 신도림점,양식,"11,900",일시불,-,33555220,N,,0,0,0,Y
2025.03.27,18:43,본인 우리은행 포인트플러스 GRANDE(9*3*),경기마트 맘스점,슈퍼마켓,"24,860",일시불,-,52215219,N,,0,0,0,Y
2025.03.27,18:03,본인 우리은행 포인트플러스 GRANDE(9*3*),하우마라,중식,"6,800",일시불,-,64298218,N,,0,0,0,Y
2025.03.26,18:55,본인 우리은행 포인트플러스 GRANDE(9*3*),PAYCO_Google Play,간편결제(온라인),"4,250",일시불,-,21820217,N,,0,0,0,Y
2025.03.26,11:43,본인 우리은행 포인트플러스 GRANDE(9*3*),메가엠지씨커피 구로고척시장점,커피전문점,"4,900",일시불,-,24142216,N,,0,0,0,Y
2025.03.26,11:39,본인 우리은행 포인트플러스 GRANDE(9*3*),다이소 고척동점,가정생활용품,"3,500",일시불,-,32428215,N,,0,0,0,Y
2025.03.26,11:30,본인 우리은행 포인트플러스 GRANDE(9*3*),경기마트 맘스점,슈퍼마켓,"6,980",일시불,-,56603214,N,,0,0,0,Y
2025.03.26,11:25,본인 우리은행 포인트플러스 GRANDE(9*3*),경기마트 맘스점,슈퍼마켓,"17,570",일시불,-,48545213,N,,0,0,0,Y
2025.03.25,15:26,본인 우리은행 포인트플러스 GRANDE(9*3*),(주)교보문고,서적(서점),"10,500",일시불,-,21907212,N,,0,0,0,Y
2025.03.25,14:58,본인 우리은행 포인트플러스 GRANDE(9*3*),씨제이올리브네트웍스(주)개봉역북부점,화장품,"30,900",일시불,-,26323211,N,,0,0,0,Y
2025.03.25,14:31,본인 우리은행 포인트플러스 GRANDE(9*3*),새봄정신건강의학과의원,신경과/신경외과,"10,000",일시불,-,23198210,N,,0,0,0,Y
2025.03.24,22:23,본인 우리은행 포인트플러스 GRANDE(9*3*),주식회사 더보리,기타가정생활용품,"1,000",일시불,-,63414209,N,,0,0,0,Y
2025.03.24,22:22,본인 우리은행 포인트플러스 GRANDE(9*3*),주식회사 더보리,기타가정생활용품,"1,000",일시불,-,49198208,N,,0,0,0,Y
2025.03.24,22:21,본인 우리은행 포인트플러스 GRANDE(9*3*),주식회사 더보리,기타가정생활용품,"1,000",일시불,-,35574207,N,,0,0,0,Y
2025.03.24,22:21,본인 우리은행 포인트플러스 GRANDE(9*3*),주식회사 더보리,기타가정생활용품,"1,000",일시불,-,69141206,N,,0,0,0,Y
2025.03.24,22:20,본인 우리은행 포인트플러스 GRANDE(9*3*),주식회사 더보리,기타가정생활용품,"1,000",일시불,-,49011205,N,,0,0,0,Y
2025.03.24,22:20,본인 우리은행 포인트플러스 GRANDE(9*3*),주식회사 더보리,기타가정생활용품,"1,000",일시불,-,20472204,N,,0,0,0,Y
2025.03.24,15:44,본인 우리은행 포인트플러스 GRANDE(9*3*),던킨도너츠 목동남로점,제과점/아이스크림점,"5,200",일시불,-,48843203,N,,0,0,0,Y
2025.03.24,13:25,본인 우리은행 포인트플러스 GRANDE(9*3*),오피니언,커피전문점,"6,000",일시불,-,24864202,N,,0,0,0,Y
2025.03.23,20:04,본인 우리은행 포인트플러스 GRANDE(9*3*),경기마트 맘스점,슈퍼마켓,"6,960",일시불,-,57520201,N,,0,0,0,Y
2025.03.23,17:27,본인 우리은행 포인트플러스 GRANDE(9*3*),GS25 보라매타워점,편의점,"2,600",일시불,-,68665200,N,,0,0,0,Y
2025.03.22,16:48,본인 우리은행 포인트플러스 GRANDE(9*3*),롯데리아 개봉점,패스트푸드점,"11,900",일시불,-,49963199,N,,0,0,0,Y
2025.03.22,16:09,본인 우리은행 포인트플러스 GRANDE(9*3*),프레퍼스 다이어트 푸드 신도림점,기타일반음식,"9,100",일시불,-,21676198,N,,0,0,0,Y
2025.03.22,15:53,본인 우리은행 포인트플러스 GRANDE(9*3*),씨제이올리브네트웍스(주)신도림점,화장품,"21,700",일시불,-,67210197,N,,0,0,0,Y
2025.03.22,11:05,본인 우리은행 포인트플러스 GRANDE(9*3*),세븐일레븐 신도림미래사랑점,편의점,"3,500",일시불,-,59185196,N,,0,0,0,Y
2025.03.21,23:14,본인 우리은행 포인트플러스 GRANDE(9*3*),GS25 고척사랑점,편의점,"1,800",일시불,-,39331195,N,,0,0,0,Y
2025.03.21,21:25,본인 우리은행 포인트플러스 GRANDE(9*3*),세븐일레븐 신도림미래사랑점,편의점,"2,600",일시불,-,54727194,N,,0,0,0,Y
2025.03.21,18:24,본인 우리은행 포인트플러스 GRANDE(9*3*),두부커피,커피전문점,"9,500",일시불,-,68636193,N,,0,0,0,Y
2025.03.21,11:43,본인 우리은행 포인트플러스 GRANDE(9*3*),경기마트 맘스점,슈퍼마켓,"6,950",일시불,-,26094192,N,,0,0,0,Y
2025.03.20,18:14,본인 우리은행 포인트플러스 GRANDE(9*3*),홈플러스신도림점,할인점,"10,000",일시불,-,36788191,N,,0,0,0,Y
2025.03.20,15:17,본인 우리은행 포인트플러스 GRANDE(9*3*),카카오_멜론,PG(오프라인),"8,690",일시불,-,37518190,N,,0,0,0,Y
2025.03.20,12:27,본인 우리은행 포인트플러스 GRANDE(9*3*),주식회사현대백화점디큐브시티,백화점,"5,500",일시불,-,27340189,N,,0,0,0,Y
2025.03.19,16:23,본인 우리은행 포인트플러스 GRANDE(9*3*),주식회사현대백화점디큐브시티,백화점,"11,100",일시불,-,35701188,N,,0,0,0,Y
2025.03.19,15:42,본인 우리은행 포인트플러스 GRANDE(9*3*),주식회사현대백화점디큐브시티,백화점,"14,900",일시불,-,66208187,N,,0,0,0,Y
2025.03.18,19:26,본인 우리은행 포인트플러스 GRANDE(9*3*),경기마트 맘스점,슈퍼마켓,"9,680",일시불,-,68856186,N,,0,0,0,Y
2025.03.18,18:41,본인 우리은행 포인트플러스 GRANDE(9*3*),주식회사 써브웨이신도림,패스트푸드점,"7,400",일시불,-,24162185,N,,0,0,0,Y
2025.03.18,14:52,본인 우리은행 포인트플러스 GRANDE(9*3*),세븐일레븐 신도림미래사랑점,편의점,"1,500",일시불,-,65599184,N,,0,0,0,Y
2025.03.17,20:43,본인 우리은행 포인트플러스 GRANDE(9*3*),하우마라,중식,"18,800",일시불,-,58599183,N,,0,0,0,Y
2025.03.17,12:47,본인 우리은행 포인트플러스 GRANDE(9*3*),아뜰리에콩포트 구로고척점,양식,"6,000",일시불,-,49344182,N,,0,0,0,Y
2025.03.16,20:08,본인 우리은행 포인트플러스 GRANDE(9*3*),오아시스사우나,안마／스포츠마사지,"9,000",일시불,-,35751181,N,,0,0,0,Y
2025.03.15,20:39,본인 우리은행 포인트플러스 GRANDE(9*3*),KCP결제_월부,PG(온라인),"350,000",할부,5 개월,22947180,N,,0,0,0,Y
2025.03.15,19:59,본인 우리은행 포인트플러스 GRANDE(9*3*),KCP_1_비욘드테이블,PG_우대,"38,000",일시불,-,69193179,N,,0,0,0,Y
2025.03.15,16:06,본인 우리은행 포인트플러스 GRANDE(9*3*),PAYCO_Google Play,간편결제(온라인),"9,900",일시불,-,32991178,N,,0,0,0,Y
2025.03.15,15:57,본인 우리은행 포인트플러스 GRANDE(9*3*),롯데리아 개봉점,패스트푸드점,"17,100",일시불,-,61451177,N,,0,0,0,Y
2025.03.15,12:44,본인 우리은행 포인트플러스 GRANDE(9*3*),프레퍼스 다이어트 푸드 신도림점,기타일반음식,"11,900",일시불,-,31426176,N,,0,0,0,Y
2025.03.15,9:26,본인 우리은행 포인트플러스 GRANDE(9*3*),티머니택시_0,PG택시,"9,200",일시불,-,26099175,N,,0,0,0,Y
2025.03.14,20:31,본인 우리은행 포인트플러스 GRANDE(9*3*),맘스터치 동양미래대점,패스트푸드점,"12,300",일시불,-,43147174,N,,0,0,0,Y
2025.03.14,20:16,본인 우리은행 포인트플러스 GRANDE(9*3*),주식회사현대백화점디큐브시티,백화점,"48,000",일시불,-,40611173,N,,0,0,0,Y
2025.03.13,19:43,본인 우리은행 포인트플러스 GRANDE(9*3*),(주)에스케이플래닛_문화비,PG(온라인),"22,000",일시불,-,27222172,Y,2025.03.13,"-22,000",,0,N
2025.03.13,18:52,본인 우리은행 포인트플러스 GRANDE(9*3*),서울바나나커피 신도림점,커피전문점,"4,300",일시불,-,56283171,N,,0,0,0,Y
2025.03.13,18:01,본인 우리은행 포인트플러스 GRANDE(9*3*),바르다 김선생 신도림역점,기타일반음식,"16,500",일시불,-,48723170,N,,0,0,0,Y
2025.03.12,13:16,본인 우리은행 포인트플러스 GRANDE(9*3*),베델로즈 피크닉(bethel rose picnic),커피전문점,"9,500",일시불,-,45869169,N,,0,0,0,Y
2025.03.12,12:22,본인 우리은행 포인트플러스 GRANDE(9*3*),프랭크버거 구로고척점,패스트푸드점,"9,900",일시불,-,57591168,N,,0,0,0,Y
2025.03.11,17:52,본인 우리은행 포인트플러스 GRANDE(9*3*),세인트러스트(Saintrust),제과점/아이스크림점,"19,800",일시불,-,29097167,N,,0,0,0,Y
2025.03.11,16:55,본인 우리은행 포인트플러스 GRANDE(9*3*),싸다김밥 신도림역점,기타일반음식,"11,500",일시불,-,43118166,N,,0,0,0,Y
2025.03.11,13:39,본인 우리은행 포인트플러스 GRANDE(9*3*),디저트39,커피전문점,"6,800",일시불,-,68483164,N,,0,0,0,Y
2025.03.11,12:53,본인 우리은행 포인트플러스 GRANDE(9*3*),SK텔레콤(자동납부),통신비(시청료),"79,550",일시불,-,25756165,N,,0,0,0,Y
2025.03.10,19:15,본인 우리은행 포인트플러스 GRANDE(9*3*),(주)하나음향 보가코인노래연습장,노래방,"5,500",일시불,-,37403163,N,,0,0,0,Y
2025.03.10,17:55,본인 우리은행 포인트플러스 GRANDE(9*3*),홍콩반점 고척동양대점,중식,"10,500",일시불,-,60299162,N,,0,0,0,Y
2025.03.10,14:29,본인 우리은행 포인트플러스 GRANDE(9*3*),비알코리아(주)던킨도너츠 건대입구역점,제과점/아이스크림점,"5,000",일시불,-,21384161,N,,0,0,0,Y
2025.03.10,13:27,본인 우리은행 포인트플러스 GRANDE(9*3*),세븐일레븐 구로공단역점,편의점,"6,600",일시불,-,33824160,N,,0,0,0,Y
2025.03.09,18:25,본인 우리은행 포인트플러스 GRANDE(9*3*),인터넷상거래_주식회사 바이트랩,PG(온라인),"48,800",일시불,-,59580159,N,,0,0,0,Y
2025.03.09,18:07,본인 우리은행 포인트플러스 GRANDE(9*3*),푸드나무_주식회사 푸드나무,PG(온라인),"24,900",일시불,-,54127158,N,,0,0,0,Y
2025.03.09,12:12,본인 우리은행 포인트플러스 GRANDE(9*3*),만두와친구들,한식(한정식),"10,000",일시불,-,34248157,N,,0,0,0,Y
2025.03.09,7:29,본인 우리은행 포인트플러스 GRANDE(9*3*),스타벅스코리아,커피전문점,"8,900",일시불,-,55908156,N,,0,0,0,Y
2025.03.08,23:03,본인 우리은행 포인트플러스 GRANDE(9*3*),(주)하나음향 보가코인노래연습장,노래방,"5,500",일시불,-,50334155,N,,0,0,0,Y
2025.03.08,22:30,본인 우리은행 포인트플러스 GRANDE(9*3*),(주)하나음향 보가코인노래연습장,노래방,"3,300",일시불,-,50321154,N,,0,0,0,Y
2025.03.08,21:51,본인 우리은행 포인트플러스 GRANDE(9*3*),(주)하나음향 보가코인노래연습장,노래방,"3,300",일시불,-,31919153,N,,0,0,0,Y
2025.03.08,20:34,본인 우리은행 포인트플러스 GRANDE(9*3*),후무후무,일식(횟집),"13,500",일시불,-,51781152,N,,0,0,0,Y
2025.03.08,15:35,본인 우리은행 포인트플러스 GRANDE(9*3*),동경(주)영등포지점,기타일반음식,"5,300",일시불,-,63971151,N,,0,0,0,Y
2025.03.08,14:33,본인 우리은행 포인트플러스 GRANDE(9*3*),주식회사 써브웨이신도림,패스트푸드점,"9,500",일시불,-,48120150,N,,0,0,0,Y
2025.03.08,14:28,본인 우리은행 포인트플러스 GRANDE(9*3*),플러스약국,약국,"1,000",일시불,-,61331149,N,,0,0,0,Y
2025.03.06,15:22,본인 우리은행 포인트플러스 GRANDE(9*3*),티머니택시(법인)_3,PG택시,"12,500",일시불,-,30073148,N,,0,0,0,Y
2025.03.06,11:55,본인 우리은행 포인트플러스 GRANDE(9*3*),티머니택시_0,PG택시,"9,200",일시불,-,50423147,N,,0,0,0,Y
2025.03.06,11:22,본인 우리은행 포인트플러스 GRANDE(9*3*),티머니택시_0,PG택시,"7,300",일시불,-,29230146,N,,0,0,0,Y
2025.03.04,18:19,본인 우리은행 포인트플러스 GRANDE(9*3*),라임라빌(LimeRabit),커피전문점,"11,600",일시불,-,58362145,N,,0,0,0,Y
2025.03.04,18:12,본인 우리은행 포인트플러스 GRANDE(9*3*),미스타교자 신도림점,중식,"17,000",일시불,-,49048144,N,,0,0,0,Y
2025.03.04,1:24,본인 우리은행 포인트플러스 GRANDE(9*3*),PAYCO_Google Play,간편결제(온라인),"4,250",일시불,-,35315143,N,,0,0,0,Y
2025.03.03,22:00,본인 우리은행 포인트플러스 GRANDE(9*3*),PAYCO_Google Play,간편결제(온라인),"5,000",일시불,-,37376142,N,,0,0,0,Y
2025.03.03,21:07,본인 우리은행 포인트플러스 GRANDE(9*3*),홈플러스신도림점,할인점,"6,320",일시불,-,38200141,N,,0,0,0,Y
2025.03.03,16:10,본인 우리은행 포인트플러스 GRANDE(9*3*),브루클린커피,커피전문점,"9,000",일시불,-,30371140,N,,0,0,0,Y
2025.03.01,22:29,본인 우리은행 포인트플러스 GRANDE(9*3*),GS25 고척사랑점,편의점,"4,500",일시불,-,28592139,N,,0,0,0,Y
2025.03.01,15:51,본인 우리은행 포인트플러스 GRANDE(9*3*),(주)하나음향 보가코인노래연습장,노래방,"5,500",일시불,-,34231138,N,,0,0,0,Y
2025.03.01,15:10,본인 우리은행 포인트플러스 GRANDE(9*3*),홍콩반점 고척동양대점,중식,"12,200",일시불,-,42105137,N,,0,0,0,Y
2025.03.01,9:10,본인 우리은행 포인트플러스 GRANDE(9*3*),뚜레쥬르 신도림역점,제과점/아이스크림점,"9,500",일시불,-,63124136,N,,0,0,0,Y
2025.03.01,6:56,본인 우리은행 포인트플러스 GRANDE(9*3*),(주)에스케이플래닛_문화비_Cul_에스케이 플,PG(온라인),"10,000",일시불,-,42218135,N,,0,0,0,Y
2025.02.28,21:09,본인 우리은행 포인트플러스 GRANDE(9*3*),쿠팡(쿠페이)_쿠팡(쿠페이),PG(온라인),"26,490",일시불,-,39319134,N,,0,0,0,Y
2025.02.28,21:06,본인 우리은행 포인트플러스 GRANDE(9*3*),컬리_컬리페이_컬리_신용카드,PG(온라인),"41,480",일시불,-,32687133,N,,0,0,0,Y
2025.02.28,17:52,본인 우리은행 포인트플러스 GRANDE(9*3*),쿠팡(쿠페이),간편결제(온라인),"57,400",일시불,-,29333132,N,,0,0,0,Y
2025.02.28,14:09,본인 우리은행 포인트플러스 GRANDE(9*3*),KOCES 결제대행,PG(오프라인),"1,100",일시불,-,51842131,N,,0,0,0,Y
2025.02.28,13:53,본인 우리은행 포인트플러스 GRANDE(9*3*),코레일유통(주)[R.F자판기],기타음료식품,200,일시불,-,43444130,N,,0,0,0,Y
2025.02.28,13:52,본인 우리은행 포인트플러스 GRANDE(9*3*),코레일유통(주)[R.F자판기],기타음료식품,200,일시불,-,29939129,N,,0,0,0,Y
2025.02.28,11:40,본인 우리은행 포인트플러스 GRANDE(9*3*),코레일유통(주)[R.F자판기],기타음료식품,"1,000",일시불,-,61410128,N,,0,0,0,Y
2025.02.28,11:39,본인 우리은행 포인트플러스 GRANDE(9*3*),코레일유통(주)[R.F자판기],기타음료식품,"1,000",일시불,-,41890127,N,,0,0,0,Y
2025.02.28,11:35,본인 우리은행 포인트플러스 GRANDE(9*3*),이동의즐거움_택시_0,PG택시,"8,500",일시불,-,33880126,N,,0,0,0,Y
2025.02.27,23:00,본인 우리은행 포인트플러스 GRANDE(9*3*),세븐일레븐 강릉안목항점,편의점,"8,100",일시불,-,31642125,N,,0,0,0,Y
2025.02.27,19:07,본인 우리은행 포인트플러스 GRANDE(9*3*),세븐일레븐 강릉안목항점,편의점,"4,000",일시불,-,60149124,N,,0,0,0,Y
2025.02.27,17:47,본인 우리은행 포인트플러스 GRANDE(9*3*),텐퍼센트커피 경포비치점,커피전문점,"4,800",일시불,-,46912123,N,,0,0,0,Y
2025.02.27,17:45,본인 우리은행 포인트플러스 GRANDE(9*3*),텐퍼센트커피 경포비치점,커피전문점,"8,000",일시불,-,63385122,N,,0,0,0,Y
2025.02.27,16:10,본인 우리은행 포인트플러스 GRANDE(9*3*),이동의즐거움_택시8,PG택시,"6,700",일시불,-,30113121,N,,0,0,0,Y
2025.02.26,19:12,본인 우리은행 포인트플러스 GRANDE(9*3*),(주)우아한형제들_신용카드(배달의민족),PG(온라인),"37,000",일시불,-,26987120,N,,0,0,0,Y
2025.02.26,17:55,본인 우리은행 포인트플러스 GRANDE(9*3*),강릉당커피콩빵 안목해변점,제과점/아이스크림점,"6,000",일시불,-,31752119,N,,0,0,0,Y
2025.02.26,17:38,본인 우리은행 포인트플러스 GRANDE(9*3*),안목역,커피전문점,"1,500",일시불,-,43194118,N,,0,0,0,Y
2025.02.26,14:15,본인 우리은행 포인트플러스 GRANDE(9*3*),주식회사 갤러리밥스,커피전문점,"12,000",일시불,-,43738117,N,,0,0,0,Y
2025.02.26,13:05,본인 우리은행 포인트플러스 GRANDE(9*3*),강릉역옹막,패밀리레스토랑,"21,000",일시불,-,23375116,N,,0,0,0,Y
2025.02.26,8:37,본인 우리은행 포인트플러스 GRANDE(9*3*),알뜨 (HALTE),커피전문점,"16,500",일시불,-,53117115,N,,0,0,0,Y
2025.02.26,5:38,본인 우리은행 포인트플러스 GRANDE(9*3*),코레일유통주식회사(서울역),편의점,"7,000",일시불,-,68467114,N,,0,0,0,Y
2025.02.25,14:12,본인 우리은행 포인트플러스 GRANDE(9*3*),씨제이올리브영(주)디큐브시티점,화장품,"6,300",일시불,-,46274113,N,,0,0,0,Y
2025.02.25,13:49,본인 우리은행 포인트플러스 GRANDE(9*3*),주식회사현대백화점디큐브시티,백화점,"6,000",일시불,-,34016112,N,,0,0,0,Y
2025.02.25,12:50,본인 우리은행 포인트플러스 GRANDE(9*3*),플러스약국,약국,"11,000",일시불,-,20444111,N,,0,0,0,Y
2025.02.25,11:16,본인 우리은행 포인트플러스 GRANDE(9*3*),(주)교보문고,서적(서점),"39,000",일시불,-,61533110,N,,0,0,0,Y
2025.02.25,10:55,본인 우리은행 포인트플러스 GRANDE(9*3*),엘리스,한식(한정식),"5,000",일시불,-,41306109,N,,0,0,0,Y
2025.02.25,8:14,본인 우리은행 포인트플러스 GRANDE(9*3*),주식회사 써브웨이신도림,패스트푸드점,"9,900",일시불,-,30183108,N,,0,0,0,Y
2025.02.24,18:31,본인 우리은행 포인트플러스 GRANDE(9*3*),아재식당 고척점,한식(한정식),"10,500",일시불,-,54198107,N,,0,0,0,Y
2025.02.24,18:29,본인 우리은행 포인트플러스 GRANDE(9*3*),한국철도공사(승차권발매),철도,"52,000",할부,2 개월,68433106,N,,0,0,0,Y
2025.02.24,16:47,본인 우리은행 포인트플러스 GRANDE(9*3*),스마트백평치과의원,치과,"50,000",일시불,-,45668105,N,,0,0,0,Y
2025.02.24,15:20,본인 우리은행 포인트플러스 GRANDE(9*3*),새봄정신건강의학과의원,신경과/신경외과,"11,600",일시불,-,35485104,N,,0,0,0,Y
2025.02.23,18:52,본인 우리은행 포인트플러스 GRANDE(9*3*),한국철도공사(승차권발매),철도,"43,500",일시불,-,66069103,N,,0,0,0,Y
2025.02.23,17:19,본인 우리은행 포인트플러스 GRANDE(9*3*),투썸플레이스 동양미래대점,커피전문점,"14,700",일시불,-,60760102,N,,0,0,0,Y
2025.02.23,15:44,본인 우리은행 포인트플러스 GRANDE(9*3*),백소정 동양미래대점,일식(횟집),"12,900",일시불,-,39546101,N,,0,0,0,Y
2025.02.22,20:53,본인 우리은행 포인트플러스 GRANDE(9*3*),주식회사 써브웨이신도림,패스트푸드점,"8,900",일시불,-,57012100,N,,0,0,0,Y
2025.02.22,20:25,본인 우리은행 포인트플러스 GRANDE(9*3*),주식회사 써브웨이신도림,패스트푸드점,"8,600",일시불,-,59280099,N,,0,0,0,Y
2025.02.22,0:13,본인 우리은행 포인트플러스 GRANDE(9*3*),GS25 고척사랑점,편의점,"1,800",일시불,-,41672098,N,,0,0,0,Y
2025.02.21,21:25,본인 우리은행 포인트플러스 GRANDE(9*3*),세븐일레븐 신도림미래사랑점,편의점,"5,000",일시불,-,58848097,N,,0,0,0,Y
2025.02.21,14:09,본인 우리은행 포인트플러스 GRANDE(9*3*),(주)이니시스_소키씨앤티,PG(온라인),"37,900",일시불,-,46293096,N,,0,0,0,Y
2025.02.20,19:54,본인 우리은행 포인트플러스 GRANDE(9*3*),주식회사 써브웨이신도림,패스트푸드점,"8,900",일시불,-,51954095,N,,0,0,0,Y
2025.02.20,19:30,본인 우리은행 포인트플러스 GRANDE(9*3*),주식회사 써브웨이신도림,패스트푸드점,"8,600",일시불,-,32749094,N,,0,0,0,Y
2025.02.20,19:08,본인 우리은행 포인트플러스 GRANDE(9*3*),주식회사현대백화점디큐브시티,백화점,"10,000",일시불,-,46082093,N,,0,0,0,Y
2025.02.20,14:55,본인 우리은행 포인트플러스 GRANDE(9*3*),카카오_멜론,PG(오프라인),"8,690",일시불,-,35579092,N,,0,0,0,Y
2025.02.19,20:57,본인 우리은행 포인트플러스 GRANDE(9*3*),주식회사 써브웨이신도림,패스트푸드점,"8,000",일시불,-,54937091,N,,0,0,0,Y
2025.02.19,7:54,본인 우리은행 포인트플러스 GRANDE(9*3*),그리티(원더브라)_원더브라,PG(온라인),"80,100",할부,5 개월,40282090,N,,0,0,0,Y
2025.02.19,1:07,본인 우리은행 포인트플러스 GRANDE(9*3*),컬리_컬리페이_컬리_신용카드,PG(온라인),"45,060",일시불,-,52678089,N,,0,0,0,Y
2025.02.19,0:54,본인 우리은행 포인트플러스 GRANDE(9*3*),젝시믹스_브랜드엑스코퍼레이션,PG(온라인),"41,426",일시불,-,60416088,N,,0,0,0,Y
2025.02.17,21:55,본인 우리은행 포인트플러스 GRANDE(9*3*),(주)우아한형제들_(주)우아한형제,PG(온라인),"24,300",일시불,-,65805087,N,,0,0,0,Y
2025.02.17,11:11,본인 우리은행 포인트플러스 GRANDE(9*3*),프레퍼스 다이어트 푸드 신도림점,기타일반음식,"9,900",일시불,-,22262086,N,,0,0,0,Y
2025.02.16,22:08,본인 우리은행 포인트플러스 GRANDE(9*3*),GS25 고척사랑점,편의점,"4,050",일시불,-,44745085,N,,0,0,0,Y
2025.02.16,18:28,본인 우리은행 포인트플러스 GRANDE(9*3*),스타벅스코리아,커피전문점,"15,800",일시불,-,22993084,N,,0,0,0,Y
2025.02.15,20:48,본인 우리은행 포인트플러스 GRANDE(9*3*),(주)하나음향 보가코인노래연습장,노래방,"5,500",일시불,-,62869083,N,,0,0,0,Y
2025.02.15,20:36,본인 우리은행 포인트플러스 GRANDE(9*3*),쿠우쿠우 구로점,일식(횟집),"69,800",일시불,-,69729082,N,,0,0,0,Y
2025.02.15,16:06,본인 우리은행 포인트플러스 GRANDE(9*3*),PAYCO_Google Play,간편결제(온라인),"9,900",일시불,-,43841081,N,,0,0,0,Y
2025.02.14,14:11,본인 우리은행 포인트플러스 GRANDE(9*3*),(주)하나음향 보가코인노래연습장,노래방,"3,300",일시불,-,68393080,N,,0,0,0,Y
2025.02.14,11:43,본인 우리은행 포인트플러스 GRANDE(9*3*),카페니트,커피전문점,"3,500",일시불,-,53689079,N,,0,0,0,Y
2025.02.14,10:56,본인 우리은행 포인트플러스 GRANDE(9*3*),윅앤드위켄드,커피전문점,"12,500",일시불,-,58208078,N,,0,0,0,Y
2025.02.13,18:32,본인 우리은행 포인트플러스 GRANDE(9*3*),주식회사현대백화점디큐브시티,백화점,"11,100",일시불,-,67237077,N,,0,0,0,Y
2025.02.13,17:49,본인 우리은행 포인트플러스 GRANDE(9*3*),미스사이공 신도림점,기타일반음식,"11,000",일시불,-,59694076,N,,0,0,0,Y
2025.02.13,17:47,본인 우리은행 포인트플러스 GRANDE(9*3*),플러스약국,약국,"6,000",일시불,-,38793075,N,,0,0,0,Y
2025.02.12,17:23,본인 우리은행 포인트플러스 GRANDE(9*3*),(주)하나음향 보가코인노래연습장,노래방,"5,500",일시불,-,57765074,N,,0,0,0,Y
2025.02.11,18:53,본인 우리은행 포인트플러스 GRANDE(9*3*),(주)하나음향 보가코인노래연습장,노래방,"5,500",일시불,-,66512073,N,,0,0,0,Y
2025.02.11,17:54,본인 우리은행 포인트플러스 GRANDE(9*3*),싸다김밥 신도림역점,기타일반음식,"9,000",일시불,-,50132072,N,,0,0,0,Y
2025.02.11,12:54,본인 우리은행 포인트플러스 GRANDE(9*3*),SK텔레콤(자동납부),통신비(시청료),"76,350",일시불,-,54773071,N,,0,0,0,Y
2025.02.10,16:56,본인 우리은행 포인트플러스 GRANDE(9*3*),신도림서울본재활의학과의원,병원,"20,500",일시불,-,38148070,N,,0,0,0,Y
2025.02.10,16:35,본인 우리은행 포인트플러스 GRANDE(9*3*),컬리_컬리페이_컬리_신용카드,PG(온라인),"32,400",일시불,-,21559069,N,,0,0,0,Y
2025.02.10,13:56,본인 우리은행 포인트플러스 GRANDE(9*3*),바나나코퍼레이션_(주)바나나코퍼레이션,PG(온라인),"20,700",일시불,-,39202068,N,,0,0,0,Y
2025.02.09,3:24,본인 우리은행 포인트플러스 GRANDE(9*3*),푸드나무_주식회사 푸드나무,PG(온라인),"37,800",일시불,-,26719067,N,,0,0,0,Y
2025.02.08,16:59,본인 우리은행 포인트플러스 GRANDE(9*3*),스타벅스코리아,커피전문점,"4,000",일시불,-,62289066,N,,0,0,0,Y
2025.02.08,14:14,본인 우리은행 포인트플러스 GRANDE(9*3*),브래댄코(고척점),제과점/아이스크림점,"11,600",일시불,-,41491065,N,,0,0,0,Y
2025.02.06,19:35,본인 우리은행 포인트플러스 GRANDE(9*3*),말릭(Malic),커피전문점,"13,500",일시불,-,57629064,N,,0,0,0,Y
2025.02.06,19:13,본인 우리은행 포인트플러스 GRANDE(9*3*),샤브로21 서교,한식(한정식),"9,000",일시불,-,20902063,N,,0,0,0,Y
2025.02.06,17:16,본인 우리은행 포인트플러스 GRANDE(9*3*),(주)교보문고,서적(서점),"15,400",일시불,-,68537062,N,,0,0,0,Y
2025.02.05,18:30,본인 우리은행 포인트플러스 GRANDE(9*3*),쿠팡(쿠페이)_쿠팡(쿠페이),PG(온라인),"47,520",일시불,-,25426061,N,,0,0,0,Y
2025.02.05,12:22,본인 우리은행 포인트플러스 GRANDE(9*3*),홈플러스신도림점,할인점,"8,200",일시불,-,34570060,N,,0,0,0,Y
2025.02.05,9:46,본인 우리은행 포인트플러스 GRANDE(9*3*),티머니택시(법인)_4,택시,"8,300",일시불,-,63479059,N,,0,0,0,Y
2025.02.04,22:13,본인 우리은행 포인트플러스 GRANDE(9*3*),쿠팡(쿠페이)_쿠팡(쿠페이),PG(온라인),"47,850",일시불,-,46000058,N,,0,0,0,Y
2025.02.04,22:09,본인 우리은행 포인트플러스 GRANDE(9*3*),컬리_컬리페이_컬리_신용카드,PG(온라인),"29,520",일시불,-,38739057,N,,0,0,0,Y
2025.02.04,18:44,본인 우리은행 포인트플러스 GRANDE(9*3*),주식회사 리베르 구로1지점,기타(용역)서비스,"2,500",일시불,-,37541056,N,,0,0,0,Y
2025.02.04,18:41,본인 우리은행 포인트플러스 GRANDE(9*3*),주식회사 리베르 구로1지점,기타(용역)서비스,"9,250",일시불,-,58815055,N,,0,0,0,Y
2025.02.03,9:28,본인 우리은행 포인트플러스 GRANDE(9*3*),GS25고척점,편의점,"2,000",일시불,-,39444054,N,,0,0,0,Y
2025.02.02,18:03,본인 우리은행 포인트플러스 GRANDE(9*3*),만리향,중식,"9,000",일시불,-,41852053,N,,0,0,0,Y
2025.02.02,14:27,본인 우리은행 포인트플러스 GRANDE(9*3*),오피니언,커피전문점,"6,000",일시불,-,60342052,N,,0,0,0,Y
2025.02.01,18:58,본인 우리은행 포인트플러스 GRANDE(9*3*),뽑자고,유원지/놀이시설,"1,000",일시불,-,53853051,N,,0,0,0,Y
2025.02.01,18:57,본인 우리은행 포인트플러스 GRANDE(9*3*),뽑자고,유원지/놀이시설,"1,000",일시불,-,44654050,N,,0,0,0,Y
2025.02.01,18:56,본인 우리은행 포인트플러스 GRANDE(9*3*),뽑자고,유원지/놀이시설,"1,000",일시불,-,22772049,N,,0,0,0,Y
2025.02.01,15:33,본인 우리은행 포인트플러스 GRANDE(9*3*),세븐스애비뉴(7th Avenue),커피전문점,"17,600",일시불,-,58361048,N,,0,0,0,Y
2025.01.31,13:48,본인 우리은행 포인트플러스 GRANDE(9*3*),케이앤아이테크,대여전문업(도서/웨딩/의상),"2,000",일시불,-,56386047,N,,0,0,0,Y
2025.01.31,13:21,본인 우리은행 포인트플러스 GRANDE(9*3*),스마트백평치과의원,치과,"50,000",일시불,-,36248046,N,,0,0,0,Y
2025.01.31,1:39,본인 우리은행 포인트플러스 GRANDE(9*3*),나이스결제대행(주)_주식회사 부크크,PG(온라인),"7,900",일시불,-,44915045,N,,0,0,0,Y
2025.01.30,23:29,본인 우리은행 포인트플러스 GRANDE(9*3*),쿠팡(쿠페이)_쿠팡(쿠페이),PG(온라인),"46,260",일시불,-,39697044,N,,0,0,0,Y
2025.01.30,23:28,본인 우리은행 포인트플러스 GRANDE(9*3*),컬리_컬리페이_컬리_신용카드,PG(온라인),"27,181",일시불,-,68974043,N,,0,0,0,Y
2025.01.30,23:22,본인 우리은행 포인트플러스 GRANDE(9*3*),푸드나무_주식회사 푸드나무,PG(온라인),"36,350",일시불,-,63431042,N,,0,0,0,Y
2025.01.30,17:33,본인 우리은행 포인트플러스 GRANDE(9*3*),브런치빈 신도림점,양식,"12,900",일시불,-,40945041,N,,0,0,0,Y
2025.01.30,14:09,본인 우리은행 포인트플러스 GRANDE(9*3*),다이소 고척동점,가정생활용품,"4,000",일시불,-,27305040,N,,0,0,0,Y
2025.01.30,12:51,본인 우리은행 포인트플러스 GRANDE(9*3*),카카오(상품권),상품권(온라인),"30,000",일시불,-,38720039,N,,0,0,0,Y
2025.01.30,12:02,본인 우리은행 포인트플러스 GRANDE(9*3*),카카오_다날,PG(온라인),"22,800",일시불,-,55337038,Y,2025.01.30,"-22,800",,0,N
2025.01.27,14:30,본인 우리은행 포인트플러스 GRANDE(9*3*),(주)우아한형제들_주식회사 우아한형제들,PG(온라인),"23,300",일시불,-,28409037,N,,0,0,0,Y
2025.01.26,19:09,본인 우리은행 포인트플러스 GRANDE(9*3*),투썸플레이스 동양미래대점,커피전문점,"3,800",일시불,-,36009036,N,,0,0,0,Y
2025.01.26,16:15,본인 우리은행 포인트플러스 GRANDE(9*3*),로프커피(LOAF COFFEE),커피전문점,"4,000",일시불,-,53603035,N,,0,0,0,Y
2025.01.26,14:32,본인 우리은행 포인트플러스 GRANDE(9*3*),티머니택시_0,PG택시,"12,800",일시불,-,31279034,N,,0,0,0,Y
2025.01.25,15:26,본인 우리은행 포인트플러스 GRANDE(9*3*),주식회사현대백화점디큐브시티,백화점,"8,300",일시불,-,61699033,N,,0,0,0,Y
2025.01.25,14:51,본인 우리은행 포인트플러스 GRANDE(9*3*),홈플러스신도림점,할인점,"10,000",일시불,-,60688032,N,,0,0,0,Y
2025.01.25,14:50,본인 우리은행 포인트플러스 GRANDE(9*3*),(주)에스케이플래닛_문화비_Cul_에스케이 플,PG(온라인),"11,000",일시불,-,46947031,N,,0,0,0,Y
2025.01.24,20:36,본인 우리은행 포인트플러스 GRANDE(9*3*),GS25 고척사랑점,편의점,"5,400",일시불,-,37537030,N,,0,0,0,Y
2025.01.24,17:22,본인 우리은행 포인트플러스 GRANDE(9*3*),매머드익스프레스 신도림점,커피전문점,"3,200",일시불,-,43898029,N,,0,0,0,Y
2025.01.24,16:34,본인 우리은행 포인트플러스 GRANDE(9*3*),(주)하나음향 보가코인노래연습장,노래방,"3,300",일시불,-,36218028,N,,0,0,0,Y
2025.01.23,17:59,본인 우리은행 포인트플러스 GRANDE(9*3*),프레퍼스 다이어트 푸드 신도림점,기타일반음식,"9,900",일시불,-,27254027,N,,0,0,0,Y
2025.01.23,11:03,본인 우리은행 포인트플러스 GRANDE(9*3*),KCP_3_이지픽스,PG_우대,"26,500",일시불,-,25802026,N,,0,0,0,Y
2025.01.22,20:43,본인 우리은행 포인트플러스 GRANDE(9*3*),지에스(GS)25 고척공원점,편의점,700,일시불,-,66006025,N,,0,0,0,Y
2025.01.22,20:27,본인 우리은행 포인트플러스 GRANDE(9*3*),지에스(GS)25 고척공원점,편의점,"4,600",일시불,-,42819024,N,,0,0,0,Y
2025.01.22,1:08,본인 우리은행 포인트플러스 GRANDE(9*3*),세외수입_KICC(인터넷)_1_한국데이터산업,PG_우대,"50,000",일시불,-,62126023,N,,0,0,0,Y
2025.01.21,19:02,본인 우리은행 포인트플러스 GRANDE(9*3*),뚜레쥬르 신도림역점,제과점/아이스크림점,"8,250",일시불,-,43187022,N,,0,0,0,Y
2025.01.21,14:52,본인 우리은행 포인트플러스 GRANDE(9*3*),던킨도너츠 신도림홈플러스점,제과점/아이스크림점,"7,140",일시불,-,27411021,N,,0,0,0,Y
2025.01.21,13:53,본인 우리은행 포인트플러스 GRANDE(9*3*),이니시스_3_주식회사데,PG_우대,"27,900",일시불,-,54700020,N,,0,0,0,Y
2025.01.20,20:09,본인 우리은행 포인트플러스 GRANDE(9*3*),시크릿메이트샤리마,커피전문점,"25,000",일시불,-,53780019,N,,0,0,0,Y
2025.01.20,19:28,본인 우리은행 포인트플러스 GRANDE(9*3*),필약국,약국,"11,500",일시불,-,66230018,N,,0,0,0,Y
2025.01.20,18:44,본인 우리은행 포인트플러스 GRANDE(9*3*),(주) 제이와이엠씨 정육면체,한식(한정식),"28,500",일시불,-,30242017,N,,0,0,0,Y
2025.01.20,16:39,본인 우리은행 포인트플러스 GRANDE(9*3*),연세대학교 의료원,종합병원,"35,500",일시불,-,48306016,N,,0,0,0,Y
2025.01.20,15:13,본인 우리은행 포인트플러스 GRANDE(9*3*),카카오_멜론,PG(오프라인),"8,690",일시불,-,43492015,N,,0,0,0,Y
2025.01.20,14:51,본인 우리은행 포인트플러스 GRANDE(9*3*),연세대학교 의료원,종합병원,"26,800",일시불,-,48778014,N,,0,0,0,Y
2025.01.20,14:08,본인 우리은행 포인트플러스 GRANDE(9*3*),더 파이홀,커피전문점,"6,000",일시불,-,29433013,N,,0,0,0,Y
2025.01.20,13:56,본인 우리은행 포인트플러스 GRANDE(9*3*),(주)다이소아성산업,연쇄점,"3,000",일시불,-,29664012,N,,0,0,0,Y
2025.01.20,13:13,본인 우리은행 포인트플러스 GRANDE(9*3*),주식회사현대백화점디큐브시티,백화점,"24,300",일시불,-,55224011,N,,0,0,0,Y
2025.01.19,17:01,본인 우리은행 포인트플러스 GRANDE(9*3*),오늘제빵소,제과점/아이스크림점,"2,000",일시불,-,42775010,N,,0,0,0,Y
2025.01.19,16:42,본인 우리은행 포인트플러스 GRANDE(9*3*),씨제이올리브네트웍스(주)신도림점,화장품,700,일시불,-,32032009,N,,0,0,0,Y
2025.01.19,16:36,본인 우리은행 포인트플러스 GRANDE(9*3*),홈플러스신도림점,할인점,"10,000",일시불,-,25670008,N,,0,0,0,Y
2025.01.19,12:05,본인 우리은행 포인트플러스 GRANDE(9*3*),카오시암,기타일반음식,"15,000",일시불,-,55350007,N,,0,0,0,Y
2025.01.18,16:35,본인 우리은행 포인트플러스 GRANDE(9*3*),파수쿠찌 디큐브아트센터,커피전문점,"6,600",일시불,-,34577006,N,,0,0,0,Y
2025.01.18,15:46,본인 우리은행 포인트플러스 GRANDE(9*3*),(주)에스케이플래닛_문화비_Cul_에스케이 플,PG(온라인),"22,000",일시불,-,33351005,N,,0,0,0,Y
2025.01.18,14:19,본인 우리은행 포인트플러스 GRANDE(9*3*),프레퍼스 다이어트 푸드 신도림점,기타일반음식,"7,900",일시불,-,24185004,N,,0,0,0,Y
2025.01.18,11:43,본인 우리은행 포인트플러스 GRANDE(9*3*),콘피(confi),커피전문점,"5,500",일시불,-,28474003,N,,0,0,0,Y
2025.01.17,20:28,본인 우리은행 포인트플러스 GRANDE(9*3*),글라스헌터안경원,안경점,"104,000",할부,3 개월,68147002,N,,0,0,0,Y
2025.01.17,20:02,본인 우리은행 포인트플러스 GRANDE(9*3*),프레퍼스 다이어트 푸드 신도림점,기타일반음식,"9,900",일시불,-,41268001,N,,0,0,0,Y
2025.01.17,14:15,본인 우리은행 포인트플러스 GRANDE(9*3*),투썸플레이스 동양미래대점,커피전문점,"3,800",일시불,-,53793999,N,,0,0,0,Y
2025.01.17,13:37,본인 우리은행 포인트플러스 GRANDE(9*3*),섹타나인_코페이_비인증_일반_주식회사,PG(오프라인),"12,800",일시불,-,27022998,N,,0,0,0,Y
2025.01.17,13:26,본인 우리은행 포인트플러스 GRANDE(9*3*),스마트백평치과의원,치과,"4,000,000",할부,24 개월,26152997,Y,2025.02.01,"-4,000,000",0,0,Y
2025.01.17,10:42,본인 우리은행 포인트플러스 GRANDE(9*3*),컬리_컬리페이_주식회사 컬리,PG(온라인),"23,590",일시불,-,26664996,N,,0,0,0,Y
2025.01.17,3:01,본인 우리은행 포인트플러스 GRANDE(9*3*),이니시스_YBM전용_와이비엠넷,PG(온라인),"51,930",일시불,-,44298995,Y,2025.01.22,"-51,930",0,0,Y
2025.01.17,2:58,본인 우리은행 포인트플러스 GRANDE(9*3*),이니시스_YBM전용,PG(온라인),"57,700",일시불,-,67764994,Y,2025.01.17,"-57,700",,0,N
2025.01.16,22:28,본인 우리은행 포인트플러스 GRANDE(9*3*),뚝닭,기타일반음식,"11,000",일시불,-,66440993,N,,0,0,0,Y
2025.01.16,18:07,본인 우리은행 포인트플러스 GRANDE(9*3*),(주)교보문고,서적(서점),500,일시불,-,32347992,N,,0,0,0,Y
2025.01.16,18:02,본인 우리은행 포인트플러스 GRANDE(9*3*),주식회사현대백화점디큐브시티,백화점,"13,600",일시불,-,38807991,N,,0,0,0,Y
2025.01.16,16:34,본인 우리은행 포인트플러스 GRANDE(9*3*),보은하다,커피전문점,"4,000",일시불,-,37613990,N,,0,0,0,Y
2025.01.16,16:27,본인 우리은행 포인트플러스 GRANDE(9*3*),주식회사현대백화점디큐브시티,백화점,"1,000",일시불,-,49421989,N,,0,0,0,Y
2025.01.16,16:23,본인 우리은행 포인트플러스 GRANDE(9*3*),씨제이올리브영(주)디큐브시티점,화장품,"22,000",일시불,-,47474988,N,,0,0,0,Y
2025.01.16,15:44,본인 우리은행 포인트플러스 GRANDE(9*3*),(주)교보문고,서적(서점),"25,200",일시불,-,61995987,N,,0,0,0,Y
2025.01.16,14:57,본인 우리은행 포인트플러스 GRANDE(9*3*),주식회사현대백화점디큐브시티,백화점,"39,000",일시불,-,21873986,N,,0,0,0,Y
2025.01.16,14:00,본인 우리은행 포인트플러스 GRANDE(9*3*),프레퍼스 다이어트 푸드 신도림점,기타일반음식,"13,900",일시불,-,23426985,N,,0,0,0,Y
2025.01.15,19:52,본인 우리은행 포인트플러스 GRANDE(9*3*),롯데역사(주) 영등포점_함경면옥,백화점,"13,000",일시불,-,44259984,N,,0,0,0,Y
2025.01.15,16:06,본인 우리은행 포인트플러스 GRANDE(9*3*),PAYCO_Google Play,간편결제(온라인),"9,900",일시불,-,43640983,N,,0,0,0,Y
2025.01.14,19:30,본인 우리은행 포인트플러스 GRANDE(9*3*),(주)에스앤컴퍼니 토끼정타임스퀘어점,양식,"18,800",일시불,-,47016982,N,,0,0,0,Y
2025.01.14,18:47,본인 우리은행 포인트플러스 GRANDE(9*3*),미니골드타임스퀘어점,액세서리,"39,900",일시불,-,57264981,N,,0,0,0,Y
2025.01.14,17:28,본인 우리은행 포인트플러스 GRANDE(9*3*),롯데역사(주) 영등포점_반스,백화점,"80,750",할부,2 개월,31338980,Y,2025.01.14,"-80,750",0,0,Y
2025.01.13,18:11,본인 우리은행 포인트플러스 GRANDE(9*3*),경기마트 맘스점,슈퍼마켓,"33,230",일시불,-,33531979,N,,0,0,0,Y
2025.01.13,12:54,본인 우리은행 포인트플러스 GRANDE(9*3*),SK텔레콤(자동납부),통신비(시청료),"68,550",일시불,-,63547978,N,,0,0,0,Y
2025.01.12,12:27,본인 우리은행 포인트플러스 GRANDE(9*3*),교보문고_인터넷(문화비)_(주)교보문고,PG(온라인),"11,220",일시불,-,46259977,N,,0,0,0,Y
2025.01.12,3:08,본인 우리은행 포인트플러스 GRANDE(9*3*),구글페이먼트_구글페이먼트코리아,PG(오프라인),"1,900",일시불,-,67244976,N,,0,0,0,Y
2025.01.11,16:01,본인 우리은행 포인트플러스 GRANDE(9*3*),(주)하나음향 보가코인노래연습장,노래방,"5,500",일시불,-,34543975,N,,0,0,0,Y
2025.01.10,15:32,본인 우리은행 포인트플러스 GRANDE(9*3*),하우마라,중식,"7,000",일시불,-,51913974,N,,0,0,0,Y
2025.01.09,21:06,본인 우리은행 포인트플러스 GRANDE(9*3*),롯데리아 개봉점,패스트푸드점,"9,600",일시불,-,61078973,N,,0,0,0,Y
2025.01.09,14:55,본인 우리은행 포인트플러스 GRANDE(9*3*),청이,중식,"6,000",일시불,-,47972972,N,,0,0,0,Y
2025.01.08,14:01,본인 우리은행 포인트플러스 GRANDE(9*3*),구글페이먼트_구글페이먼트코리아,PG(오프라인),"14,000",일시불,-,55982971,N,,0,0,0,Y
2025.01.07,19:59,본인 우리은행 포인트플러스 GRANDE(9*3*),곱창마을,한식(한정식),"13,000",일시불,-,65336970,N,,0,0,0,Y
2025.01.07,17:36,본인 우리은행 포인트플러스 GRANDE(9*3*),세외수입_KICC(현장)_서울시설공단_,PG(오프라인),"4,000",일시불,-,50503969,N,,0,0,0,Y
2025.01.07,13:29,본인 우리은행 포인트플러스 GRANDE(9*3*),(주)우아한형제들_신용카드(알뜰배달),PG(온라인),"13,000",일시불,-,31511968,N,,0,0,0,Y
2025.01.06,18:38,본인 우리은행 포인트플러스 GRANDE(9*3*),하우마라,중식,"8,200",일시불,-,30328967,N,,0,0,0,Y
2025.01.06,13:24,본인 우리은행 포인트플러스 GRANDE(9*3*),싸다김밥 신도림역점,기타일반음식,"8,500",일시불,-,28035966,N,,0,0,0,Y
2025.01.06,12:21,본인 우리은행 포인트플러스 GRANDE(9*3*),신도약국,약국,"5,000",일시불,-,43628965,N,,0,0,0,Y
2025.01.06,12:16,본인 우리은행 포인트플러스 GRANDE(9*3*),이기천이비인후과,이비인후과,"6,200",일시불,-,60033964,N,,0,0,0,Y
2025.01.05,12:50,본인 우리은행 포인트플러스 GRANDE(9*3*),맘스터치 동양미래대점,패스트푸드점,"8,400",일시불,-,20900963,N,,0,0,0,Y
2025.01.04,20:59,본인 우리은행 포인트플러스 GRANDE(9*3*),브래댄코(고척점),제과점/아이스크림점,"3,800",일시불,-,34584962,N,,0,0,0,Y
2025.01.04,14:06,본인 우리은행 포인트플러스 GRANDE(9*3*),본죽&비빔밥 고척동양대점,한식(한정식),"23,000",일시불,-,55615961,N,,0,0,0,Y
2025.01.04,13:49,본인 우리은행 포인트플러스 GRANDE(9*3*),한국지엠구로지점서비스,자동차정비,"120,560",할부,3 개월,27190960,N,,0,0,0,Y
2025.01.04,12:47,본인 우리은행 포인트플러스 GRANDE(9*3*),부자약국,약국,"3,900",일시불,-,34591959,N,,0,0,0,Y
2025.01.04,12:39,본인 우리은행 포인트플러스 GRANDE(9*3*),큰사랑의원,내과,"4,500",일시불,-,59714958,N,,0,0,0,Y
2025.01.04,12:06,본인 우리은행 포인트플러스 GRANDE(9*3*),서울특별시(주차장-오프라인),주차장,"4,000",일시불,-,59796957,N,,0,0,0,Y
2025.01.03,16:30,본인 우리은행 포인트플러스 GRANDE(9*3*),법원행정처_인터넷등기소,PG(온라인),700,일시불,-,45263956,N,,0,0,0,Y
2025.01.03,16:02,본인 우리은행 포인트플러스 GRANDE(9*3*),법원행정처_인터넷등기소,PG(온라인),700,일시불,-,59142955,N,,0,0,0,Y
2025.01.03,11:05,본인 우리은행 포인트플러스 GRANDE(9*3*),나이스결제대행(주)_(주)에이블리코,PG(온라인),"242,790",할부,8 개월,22073954,N,,0,0,0,Y
2025.01.03,10:51,본인 우리은행 포인트플러스 GRANDE(9*3*),인터넷상거래_3_가나다란,PG_우대,"81,700",할부,5 개월,45670953,N,,0,0,0,Y
2025.01.02,19:53,본인 우리은행 포인트플러스 GRANDE(9*3*),육회바른연어 고척스카이점,한식(한정식),"20,800",일시불,-,21085952,N,,0,0,0,Y
2025.01.02,19:46,본인 우리은행 포인트플러스 GRANDE(9*3*),투썸플레이스 동양미래대점,커피전문점,"37,000",일시불,-,47939951,N,,0,0,0,Y
2025.01.02,17:07,본인 우리은행 포인트플러스 GRANDE(9*3*),GS25 고척사랑점,편의점,"3,500",일시불,-,68560950,N,,0,0,0,Y
2025.01.02,17:06,본인 우리은행 포인트플러스 GRANDE(9*3*),파리바게트 고척시장점,제과점/아이스크림점,"6,400",일시불,-,30072949,N,,0,0,0,Y
2025.01.02,14:24,본인 우리은행 포인트플러스 GRANDE(9*3*),롯데시네마 신도림_티켓 외,슈퍼마켓,"3,000",일시불,-,68043948,N,,0,0,0,Y
2025.01.02,14:14,본인 우리은행 포인트플러스 GRANDE(9*3*),주식회사현대백화점디큐브시티,백화점,"13,900",일시불,-,65583947,N,,0,0,0,Y
2025.01.02,11:58,본인 우리은행 포인트플러스 GRANDE(9*3*),(주)에스케이플래닛_문화비_Cul_에스케이 플,PG(온라인),"10,000",일시불,-,21545946,N,,0,0,0,Y
2025.01.02,10:10,본인 우리은행 포인트플러스 GRANDE(9*3*),던킨도너츠 신도림홈플러스점,제과점/아이스크림점,"3,150",일시불,-,42881945,N,,0,0,0,Y
2025.01.02,2:09,본인 우리은행 포인트플러스 GRANDE(9*3*),이니시스_YBM전용_와이비엠넷,PG(온라인),"57,700",할부,5 개월,64643944,N,,0,0,0,Y
2025.01.01,20:51,본인 우리은행 포인트플러스 GRANDE(9*3*),카페24_쥬니드,PG(온라인),"66,000",할부,5 개월,54601943,N,,0,0,0,Y
2025.01.01,16:49,본인 우리은행 포인트플러스 GRANDE(9*3*),짱탁구장 고척스카이돔점,기타레져업소,"12,000",일시불,-,38901942,N,,0,0,0,Y
2024.12.31,19:42,본인 우리은행 포인트플러스 GRANDE(9*3*),청이,중식,"13,000",일시불,-,65006941,N,,0,0,0,Y
2024.12.31,18:35,본인 우리은행 포인트플러스 GRANDE(9*3*),네이버파이낸셜㈜_네이버,전자상거래(온라인),"25,000",일시불,-,24079940,N,,0,0,0,Y
2024.12.31,14:21,본인 우리은행 포인트플러스 GRANDE(9*3*),네이버파이낸셜㈜_네이버,전자상거래(온라인),"5,000",일시불,-,34203939,N,,0,0,0,Y
2024.12.31,10:44,본인 우리은행 포인트플러스 GRANDE(9*3*),이니시스_1_얼터너티브,PG_우대,"42,800",일시불,-,46383938,N,,0,0,0,Y
2024.12.30,19:20,본인 우리은행 포인트플러스 GRANDE(9*3*),(주)에스케이플래닛_문화비_Cul_에스케이 플,PG(온라인),"40,000",일시불,-,48033937,N,,0,0,0,Y
2024.12.29,14:13,본인 우리은행 포인트플러스 GRANDE(9*3*),경기마트 맘스점,슈퍼마켓,"17,280",일시불,-,39198936,N,,0,0,0,Y
2024.12.29,12:38,본인 우리은행 포인트플러스 GRANDE(9*3*),미분당,기타일반음식,"13,000",일시불,-,66035935,N,,0,0,0,Y
2024.12.29,8:39,본인 우리은행 포인트플러스 GRANDE(9*3*),지에스(GS)25 고척센츄리점,편의점,"3,600",일시불,-,21453934,N,,0,0,0,Y
2024.12.28,16:14,본인 우리은행 포인트플러스 GRANDE(9*3*),롯데리아 개봉점,패스트푸드점,"1,900",일시불,-,51604933,N,,0,0,0,Y
2024.12.28,15:28,본인 우리은행 포인트플러스 GRANDE(9*3*),(주)하나음향 보가코인노래연습장,노래방,"3,300",일시불,-,49079932,N,,0,0,0,Y
2024.12.28,14:51,본인 우리은행 포인트플러스 GRANDE(9*3*),(주)하나음향 보가코인노래연습장,노래방,"3,300",일시불,-,68771931,N,,0,0,0,Y
2024.12.28,13:00,본인 우리은행 포인트플러스 GRANDE(9*3*),보람수퍼,슈퍼마켓,900,일시불,-,42877930,N,,0,0,0,Y
2024.12.28,12:37,본인 우리은행 포인트플러스 GRANDE(9*3*),하우마라,중식,"6,900",일시불,-,62930929,N,,0,0,0,Y
2024.12.28,8:59,본인 우리은행 포인트플러스 GRANDE(9*3*),스페이스365스터디카페,독서실,"130,000",할부,6 개월,45013928,N,,0,0,0,Y
2024.12.27,23:23,본인 우리은행 포인트플러스 GRANDE(9*3*),GS25 고척사랑점,편의점,"2,500",일시불,-,56826927,N,,0,0,0,Y
2024.12.27,12:52,본인 우리은행 포인트플러스 GRANDE(9*3*),(주)초이락홀딩스,커피전문점,"5,500",일시불,-,20089926,N,,0,0,0,Y
2024.12.27,11:50,본인 우리은행 포인트플러스 GRANDE(9*3*),써브웨이(동양미래대점),기타일반음식,"8,600",일시불,-,53521925,N,,0,0,0,Y
2024.12.27,2:35,본인 우리은행 포인트플러스 GRANDE(9*3*),㈜교보문고_인터넷,PG(온라인),"2,000",일시불,-,24802924,N,,0,0,0,Y
2024.12.27,2:34,본인 우리은행 포인트플러스 GRANDE(9*3*),교보문고_인터넷(문화비)_(주)교보문고,PG(온라인),"45,720",일시불,-,57379923,N,,0,0,0,Y
2024.12.26,18:30,본인 우리은행 포인트플러스 GRANDE(9*3*),(주)하나음향 보가코인노래연습장,노래방,"5,500",일시불,-,49547922,N,,0,0,0,Y
2024.12.26,17:02,본인 우리은행 포인트플러스 GRANDE(9*3*),라임라빌(LimeRabit),커피전문점,"6,000",일시불,-,49481921,N,,0,0,0,Y
2024.12.26,16:53,본인 우리은행 포인트플러스 GRANDE(9*3*),김밥세상,기타일반음식,"8,000",일시불,-,31768920,N,,0,0,0,Y
2024.12.26,6:22,본인 우리은행 포인트플러스 GRANDE(9*3*),쿠팡(쿠페이)_쿠팡(쿠페이),PG(온라인),"12,900",일시불,-,37068919,N,,0,0,0,Y
2024.12.26,6:10,본인 우리은행 포인트플러스 GRANDE(9*3*),쿠팡(쿠페이)_쿠팡(쿠페이),PG(온라인),"32,990",일시불,-,66931918,N,,0,0,0,Y
2024.12.25,19:40,본인 우리은행 포인트플러스 GRANDE(9*3*),파리바게트 고척시장점,제과점/아이스크림점,"30,600",일시불,-,67941917,N,,0,0,0,Y
2024.12.24,22:44,본인 우리은행 포인트플러스 GRANDE(9*3*),GS25 구로허브점,편의점,"28,900",일시불,-,58741916,N,,0,0,0,Y
2024.12.24,13:35,본인 우리은행 포인트플러스 GRANDE(9*3*),취화원,중식,"10,000",일시불,-,50169915,N,,0,0,0,Y
2024.12.22,19:00,본인 우리은행 포인트플러스 GRANDE(9*3*),이마트24 R고척중앙점,편의점,"10,650",일시불,-,47035914,N,,0,0,0,Y
2024.12.21,12:56,본인 우리은행 포인트플러스 GRANDE(9*3*),뚜레쥬르 신도림역점,제과점/아이스크림점,"3,900",일시불,-,43868913,N,,0,0,0,Y
2024.12.21,12:46,본인 우리은행 포인트플러스 GRANDE(9*3*),스타벅스코리아,커피전문점,"11,400",일시불,-,44310912,N,,0,0,0,Y
2024.12.21,0:37,본인 우리은행 포인트플러스 GRANDE(9*3*),(주)우아한형제들_신용카드(한집배달),PG(온라인),"28,500",일시불,-,22640911,N,,0,0,0,Y
2024.12.20,16:02,본인 우리은행 포인트플러스 GRANDE(9*3*),카카오_멜론,PG(오프라인),"8,690",일시불,-,52831910,N,,0,0,0,Y
2024.12.19,0:07,본인 우리은행 포인트플러스 GRANDE(9*3*),생마차,일반주점,"16,600",일시불,-,44098909,N,,0,0,0,Y
2024.12.18,18:14,본인 우리은행 포인트플러스 GRANDE(9*3*),주식회사현대백화점디큐브시티,백화점,"5,500",일시불,-,30355908,N,,0,0,0,Y
2024.12.18,13:11,본인 우리은행 포인트플러스 GRANDE(9*3*),대표인증_2_(주)오아드,PG_우대,"20,000",일시불,-,36447907,N,,0,0,0,Y
2024.12.17,19:36,본인 우리은행 포인트플러스 GRANDE(9*3*),스페이스365스터디카페,독서실,"4,000",일시불,-,35082906,N,,0,0,0,Y
2024.12.17,18:48,본인 우리은행 포인트플러스 GRANDE(9*3*),홍콩반점 고척동양대점,중식,"10,500",일시불,-,56897905,N,,0,0,0,Y
2024.12.17,18:05,본인 우리은행 포인트플러스 GRANDE(9*3*),주식회사현대백화점디큐브시티,백화점,"4,200",일시불,-,39455904,N,,0,0,0,Y
2024.12.17,17:59,본인 우리은행 포인트플러스 GRANDE(9*3*),(주)에스케이플래닛_문화비,PG(온라인),"11,000",일시불,-,66882903,Y,2024.12.17,"-11,000",,0,N
2024.12.16,18:14,본인 우리은행 포인트플러스 GRANDE(9*3*),(주)이니시스_피트니스코리,PG(온라인),"113,800",할부,3 개월,26503902,N,,0,0,0,Y
2024.12.16,17:48,본인 우리은행 포인트플러스 GRANDE(9*3*),이니시스_0_제로투히어로,PG_우대,"150,600",할부,3 개월,41234901,Y,2024.12.18,"-34,900",0,0,Y
2024.12.16,13:30,본인 우리은행 포인트플러스 GRANDE(9*3*),(주)우아한형제들_신용카드(배달의민족),PG(온라인),"22,800",일시불,-,57643900,N,,0,0,0,Y
2024.12.15,18:14,본인 우리은행 포인트플러스 GRANDE(9*3*),(주)에스케이플래닛_문화비_Cul_에스케이 플,PG(온라인),"20,000",일시불,-,45753899,N,,0,0,0,Y
2024.12.15,18:03,본인 우리은행 포인트플러스 GRANDE(9*3*),씨제이올리브영(주)디큐브시티점,화장품,"9,170",일시불,-,55814898,N,,0,0,0,Y
2024.12.15,17:39,본인 우리은행 포인트플러스 GRANDE(9*3*),모돌,한식(한정식),"53,000",일시불,-,35055897,N,,0,0,0,Y
2024.12.15,16:06,본인 우리은행 포인트플러스 GRANDE(9*3*),PAYCO_Google Play,간편결제(온라인),"9,900",일시불,-,68104896,N,,0,0,0,Y
2024.12.14,17:00,본인 우리은행 포인트플러스 GRANDE(9*3*),동명,일식(횟집),"7,900",일시불,-,65566895,N,,0,0,0,Y
2024.12.13,19:08,본인 우리은행 포인트플러스 GRANDE(9*3*),씨제이올리브영(주)디큐브시티점,화장품,"24,800",일시불,-,20857894,N,,0,0,0,Y
2024.12.13,19:00,본인 우리은행 포인트플러스 GRANDE(9*3*),주식회사현대백화점디큐브시티,백화점,"10,900",일시불,-,37336893,N,,0,0,0,Y
2024.12.13,3:08,본인 우리은행 포인트플러스 GRANDE(9*3*),구글페이먼트_구글페이먼트코리아,PG(오프라인),"1,900",일시불,-,34511892,N,,0,0,0,Y
2024.12.12,22:01,본인 우리은행 포인트플러스 GRANDE(9*3*),지에스25 고산한양수자인,편의점,"3,400",일시불,-,49861891,N,,0,0,0,Y
2024.12.12,20:38,본인 우리은행 포인트플러스 GRANDE(9*3*),(주)씨앤피물류,기타음료식품,"27,000",일시불,-,29071890,N,,0,0,0,Y
2024.12.11,12:54,본인 우리은행 포인트플러스 GRANDE(9*3*),주식회사현대백화점디큐브시티,백화점,"8,000",일시불,-,51119888,Y,2024.12.14,"-8,000",0,0,Y
2024.12.11,12:53,본인 우리은행 포인트플러스 GRANDE(9*3*),SK텔레콤(자동납부),통신비(시청료),"68,550",일시불,-,65190889,N,,0,0,0,Y
2024.12.11,10:12,본인 우리은행 포인트플러스 GRANDE(9*3*),던킨도너츠 신도림홈플러스점,제과점/아이스크림점,"3,700",일시불,-,53016887,N,,0,0,0,Y
2024.12.10,18:17,본인 우리은행 포인트플러스 GRANDE(9*3*),모닝글로리 동양미래대점,문구,"5,600",일시불,-,34603886,N,,0,0,0,Y
2024.12.10,17:44,본인 우리은행 포인트플러스 GRANDE(9*3*),스페이스365스터디카페,독서실,"9,000",일시불,-,39053885,N,,0,0,0,Y
2024.12.10,15:49,본인 우리은행 포인트플러스 GRANDE(9*3*),경기마트 맘스점,슈퍼마켓,"15,610",일시불,-,42078884,N,,0,0,0,Y
2024.12.10,15:09,본인 우리은행 포인트플러스 GRANDE(9*3*),주식회사 어반필드,스포츠센터,"99,000",일시불,-,30321883,N,,0,0,0,Y
2024.12.10,12:53,본인 우리은행 포인트플러스 GRANDE(9*3*),던킨도너츠 신도림홈플러스점,제과점/아이스크림점,"3,700",일시불,-,68614882,N,,0,0,0,Y
2024.12.08,17:04,본인 우리은행 포인트플러스 GRANDE(9*3*),스페이스365스터디카페,독서실,"9,000",일시불,-,27248881,N,,0,0,0,Y
2024.12.08,12:24,본인 우리은행 포인트플러스 GRANDE(9*3*),세븐일레븐 신도림미래사랑점,편의점,"1,100",일시불,-,51863880,N,,0,0,0,Y
2024.12.08,0:41,본인 우리은행 포인트플러스 GRANDE(9*3*),GS25 고척사랑점,편의점,"8,500",일시불,-,34868879,N,,0,0,0,Y
2024.12.07,18:53,본인 우리은행 포인트플러스 GRANDE(9*3*),스페이스365스터디카페,독서실,"9,000",일시불,-,43094878,N,,0,0,0,Y
2024.12.07,0:27,본인 우리은행 포인트플러스 GRANDE(9*3*),쿠팡(쿠페이),PG(온라인),"12,900",일시불,-,31619877,N,,0,0,0,Y
2024.12.06,21:07,본인 우리은행 포인트플러스 GRANDE(9*3*),지에스(GS)25 고척공원점,편의점,"17,440",일시불,-,52997876,N,,0,0,0,Y
2024.12.06,14:11,본인 우리은행 포인트플러스 GRANDE(9*3*),해물칼국수,기타일반음식,"7,000",일시불,-,33373875,N,,0,0,0,Y
2024.12.06,13:09,본인 우리은행 포인트플러스 GRANDE(9*3*),주식회사현대백화점디큐브시티,백화점,"1,000",일시불,-,68560874,N,,0,0,0,Y
2024.12.06,12:32,본인 우리은행 포인트플러스 GRANDE(9*3*),(주)교보문고,서적(서점),"26,020",일시불,-,46781873,N,,0,0,0,Y
2024.12.05,21:38,본인 우리은행 포인트플러스 GRANDE(9*3*),이니시스_YBM전용_와이비엠넷,PG(온라인),"52,500",일시불,-,25539872,N,,0,0,0,Y
2024.12.05,20:14,본인 우리은행 포인트플러스 GRANDE(9*3*),던킨도너츠 목동남로점,제과점/아이스크림점,"4,900",일시불,-,65184871,N,,0,0,0,Y
2024.12.05,15:36,본인 우리은행 포인트플러스 GRANDE(9*3*),모닝글로리 동양미래대점,문구,"3,600",일시불,-,66612870,N,,0,0,0,Y
2024.12.05,14:42,본인 우리은행 포인트플러스 GRANDE(9*3*),던킨도너츠 목동남로점,제과점/아이스크림점,"8,100",일시불,-,26529869,N,,0,0,0,Y
2024.12.04,18:17,본인 우리은행 포인트플러스 GRANDE(9*3*),GS25 고척사랑점,편의점,"6,800",일시불,-,67419868,N,,0,0,0,Y
2024.12.04,18:13,본인 우리은행 포인트플러스 GRANDE(9*3*),고척돈까스,기타일반음식,"8,500",일시불,-,44337867,N,,0,0,0,Y
2024.12.04,17:35,본인 우리은행 포인트플러스 GRANDE(9*3*),달인대보칼국수 고척스카이돔점,기타일반음식,"8,000",일시불,-,24887866,N,,0,0,0,Y